source,target,weight
E_2_0,0_1903_1,16.658889770507812
E_5958_1,0_1903_1,8.01915454864502
E_2_0,0_2455_1,14.90190315246582
E_2_0,0_6959_1,3.9413492679595947
E_5958_1,0_6959_1,30.289453506469727
E_2_0,0_7344_1,12.454000473022461
E_5958_1,0_7344_1,5.126058101654053
E_2_0,0_8008_1,5.619929313659668
E_5958_1,0_8008_1,3.5270588397979736
E_2_0,0_10178_1,1.2521318197250366
E_5958_1,0_10178_1,8.63677978515625
E_2_0,0_10317_1,21.263444900512695
E_5958_1,0_10317_1,-6.080397605895996
E_24176_2,0_1178_2,11.511043548583984
E_24176_2,0_4805_2,14.013875961303711
E_2_0,0_6794_2,2.0155906677246094
E_24176_2,0_6794_2,15.844752311706543
E_24176_2,0_7000_2,12.778834342956543
E_24176_2,0_9189_2,24.480064392089844
E_24176_2,0_9813_2,14.678326606750488
E_24176_2,0_10422_2,16.31805992126465
E_24176_2,0_10425_2,13.206324577331543
E_5958_1,0_12083_2,1.4661738872528076
E_24176_2,0_12083_2,13.191526412963867
E_24176_2,0_12572_2,19.06826400756836
E_24176_2,0_14983_2,18.860702514648438
E_3407_3,0_377_3,13.609711647033691
E_3407_3,0_973_3,11.270298957824707
E_3407_3,0_1117_3,19.18189239501953
E_5958_1,0_2202_3,1.8367626667022705
E_24176_2,0_2202_3,2.667957305908203
E_3407_3,0_2202_3,11.014697074890137
E_3407_3,0_2799_3,14.773141860961914
E_3407_3,0_2983_3,13.652880668640137
E_3407_3,0_4337_3,15.184771537780762
E_3407_3,0_5963_3,24.80202865600586
E_3407_3,0_7731_3,13.687134742736816
E_3407_3,0_8697_3,10.26382064819336
E_3407_3,0_9063_3,13.591659545898438
E_3407_3,0_9868_3,12.74558162689209
E_5958_1,0_11427_3,2.1551859378814697
E_24176_2,0_11427_3,3.040417194366455
E_3407_3,0_11427_3,11.661697387695312
E_5958_1,0_11813_3,1.879379391670227
E_24176_2,0_11813_3,2.2597837448120117
E_3407_3,0_11813_3,9.78980541229248
E_3407_3,0_12141_3,9.901529312133789
E_5958_1,0_13208_3,2.0862877368927
E_24176_2,0_13208_3,3.029566764831543
E_3407_3,0_13208_3,5.654043197631836
E_3407_3,0_14315_3,14.788963317871094
E_5958_1,0_14356_3,2.570509433746338
E_24176_2,0_14356_3,2.570420503616333
E_3407_3,0_14356_3,8.356868743896484
E_3407_3,0_15731_3,13.824628829956055
E_736_4,0_7861_4,13.220185279846191
E_2_0,0_8178_4,4.302582263946533
E_3407_3,0_8178_4,1.6940977573394775
E_736_4,0_8178_4,11.973715782165527
E_2_0,0_9057_4,1.5922447443008423
E_736_4,0_9057_4,12.006573677062988
E_2_0,0_15252_4,3.0738844871520996
E_736_4,0_15252_4,35.013450622558594
E_13060_5,0_167_5,9.636466026306152
E_13060_5,0_1157_5,14.510904312133789
E_13060_5,0_1506_5,13.74685287475586
E_736_4,0_1847_5,-1.1541919708251953
E_13060_5,0_1847_5,5.929460048675537
E_13060_5,0_3019_5,10.43936538696289
E_13060_5,0_4505_5,11.150242805480957
E_736_4,0_4810_5,7.767151832580566
E_13060_5,0_4810_5,2.6032581329345703
E_5958_1,0_5425_5,1.6216830015182495
E_3407_3,0_5425_5,4.5846147537231445
E_13060_5,0_5425_5,4.568294525146484
E_13060_5,0_6925_5,17.487699508666992
E_2_0,0_7108_5,1.048735499382019
E_13060_5,0_7108_5,12.202692031860352
E_13060_5,0_7718_5,16.2501277923584
E_2_0,0_8211_5,0.7893472909927368
E_3407_3,0_8211_5,5.760223865509033
E_736_4,0_8211_5,0.7906907796859741
E_13060_5,0_8211_5,4.37741231918335
E_2_0,0_9026_5,-5.1988844871521
E_5958_1,0_9026_5,-2.9850223064422607
E_736_4,0_9026_5,2.01389217376709
E_13060_5,0_9026_5,16.198083877563477
E_2_0,0_9395_5,0.8183084726333618
E_13060_5,0_9395_5,11.275819778442383
E_2_0,0_9488_5,0.6998422145843506
E_3407_3,0_9488_5,0.5914026498794556
E_13060_5,0_9488_5,13.45036792755127
E_13060_5,0_10576_5,18.850976943969727
E_13060_5,0_11716_5,14.119083404541016
E_13060_5,0_14163_5,13.473001480102539
E_2_0,0_14826_5,1.0982153415679932
E_13060_5,0_14826_5,13.133907318115234
E_13060_5,0_16029_5,11.375663757324219
E_736_4,0_2858_6,1.7186284065246582
E_235292_6,0_2858_6,9.699409484863281
E_736_4,0_4531_6,1.9170664548873901
E_235292_6,0_4531_6,12.396476745605469
E_235292_6,0_16200_6,32.92271041870117
E_2_0,0_8722_7,1.278003215789795
E_714_7,0_8722_7,25.131603240966797
E_3413_8,0_71_8,14.54599666595459
E_714_7,0_4045_8,1.161750078201294
E_3413_8,0_4045_8,17.47816276550293
E_2_0,0_5206_8,1.048214316368103
E_3413_8,0_5206_8,11.322061538696289
E_2_0,0_5840_8,1.0715410709381104
E_3413_8,0_5840_8,12.181156158447266
E_2_0,0_7437_8,1.6677658557891846
E_714_7,0_7437_8,1.4562174081802368
E_3413_8,0_7437_8,13.115839958190918
E_3413_8,0_9651_8,9.609844207763672
E_2_0,0_16342_8,1.4218099117279053
E_714_7,0_16342_8,1.7454464435577393
E_3413_8,0_16342_8,14.690035820007324
E_2_0,0_1295_9,1.8924750089645386
E_3413_8,0_1295_9,2.5128822326660156
E_1570_9,0_1295_9,40.115867614746094
E_117335_10,0_7532_10,19.318819046020508
E_124840_11,0_9026_11,28.810535430908203
E_729_12,0_2458_12,38.93302917480469
E_7565_13,0_4180_13,13.794824600219727
E_7565_13,0_6902_13,11.710875511169434
E_7565_13,0_9039_13,16.48538589477539
E_729_12,0_10903_13,1.170432448387146
E_7565_13,0_10903_13,15.999201774597168
E_7565_13,0_10924_13,12.56910228729248
E_7565_13,0_11349_13,12.268182754516602
E_7565_13,0_11872_13,16.102453231811523
E_729_12,0_15736_13,1.6822739839553833
E_7565_13,0_15736_13,17.617273330688477
E_2_0,0_11375_14,2.9344260692596436
E_7565_13,0_11375_14,3.013388156890869
E_603_14,0_11375_14,32.28322219848633
E_603_14,0_5591_15,9.561155319213867
E_575_15,0_5591_15,7.264359474182129
E_2_0,0_8061_15,1.2928463220596313
E_575_15,0_8061_15,39.284141540527344
E_575_15,0_3820_16,-3.808411121368408
E_573_16,0_3820_16,35.82428741455078
E_575_15,0_8918_17,1.472246527671814
E_3170_17,0_8918_17,21.405467987060547
E_573_16,0_15423_17,9.399596214294434
E_3170_17,0_15423_17,8.761507987976074
E_576_18,0_2848_18,37.312747955322266
E_2_0,0_4736_19,2.4906246662139893
E_235286_19,0_4736_19,24.047212600708008
E_576_18,0_12765_19,2.247512102127075
E_235286_19,0_12765_19,14.965105056762695
E_235286_19,0_4786_20,-4.759479522705078
E_235254_20,0_4786_20,26.163042068481445
E_2_0,0_11780_20,-2.983233690261841
E_235286_19,0_11780_20,21.655405044555664
E_235254_20,0_11780_20,15.201948165893555
E_235286_21,0_11780_22,21.549562454223633
E_235254_22,0_11780_22,15.822834014892578
E_1261_23,0_8922_23,20.335010528564453
E_729_30,0_2458_30,38.97943878173828
E_7565_31,0_8061_32,1.1323519945144653
E_575_32,0_8061_32,39.35739517211914
E_2_0,0_2848_35,2.630842924118042
E_576_35,0_2848_35,37.01885986328125
E_11695_39,0_4935_39,26.055299758911133
E_2_0,0_3850_40,-5.4960856437683105
E_11695_39,0_3850_40,-1.9008376598358154
E_235269_40,0_3850_40,34.714866638183594
E_2_0,0_4870_40,-1.6395164728164673
E_235269_40,0_4870_40,31.106721878051758
E_2_0,0_15253_40,3.0799782276153564
E_235269_40,0_15253_40,10.09992790222168
E_7565_31,0_6143_41,1.0023986101150513
E_9713_38,0_6143_41,3.4417099952697754
E_11695_39,0_6143_41,6.249730587005615
E_235269_40,0_6143_41,6.638430595397949
E_6092_41,0_6143_41,7.087449073791504
E_2_0,0_3298_42,-7.458725452423096
E_235269_40,0_3298_42,-4.762887001037598
E_235269_42,0_3298_42,28.437789916992188
E_2_0,0_3850_42,-4.410720348358154
E_1261_23,0_3850_42,-0.5687443017959595
E_235269_40,0_3850_42,-0.9551453590393066
E_6092_41,0_3850_42,-2.000694990158081
E_235269_42,0_3850_42,36.29454803466797
E_2_0,0_4870_42,-1.6909862756729126
E_235269_40,0_4870_42,-3.1581637859344482
E_235269_42,0_4870_42,33.03653335571289
0_6959_1,1_5730_1,2.95361065864563
E_5958_1,1_5730_1,13.492202758789062
E_3407_3,1_15542_3,20.312347412109375
E_3407_3,1_7882_5,2.628962993621826
E_13060_5,1_7882_5,7.976930618286133
E_13060_5,1_10117_5,14.46310806274414
E_714_7,1_15085_8,-2.2665348052978516
E_3413_8,1_15085_8,25.567216873168945
0_1295_9,1_15499_9,-3.284942626953125
E_1570_9,1_15499_9,20.158222198486328
0_1295_9,1_16375_9,-2.645554542541504
E_1570_9,1_16375_9,22.31038475036621
E_2_0,1_15901_11,-1.0410557985305786
E_117335_10,1_15901_11,2.9381954669952393
E_124840_11,1_15901_11,4.459909915924072
E_7565_13,1_4686_13,16.09956169128418
0_8061_15,1_6333_15,-4.697124004364014
E_575_15,1_6333_15,18.703784942626953
E_3170_17,1_2344_17,23.981643676757812
E_3170_17,1_11039_17,18.57135772705078
E_3413_34,1_15085_34,25.226961135864258
E_235269_40,1_12303_41,-1.0615336894989014
E_6092_41,1_12303_41,15.422245025634766
0_6959_1,2_3629_1,3.816842794418335
E_2_0,2_3629_1,3.747392416000366
E_5958_1,2_3629_1,23.761871337890625
E_3407_3,2_1847_3,17.494709014892578
E_3407_3,2_5982_3,30.198055267333984
0_0_5,2_7564_5,-1.6610302925109863
E_13060_5,2_7564_5,22.478797912597656
E_3407_3,2_13365_5,1.954132318496704
E_13060_5,2_13365_5,10.575879096984863
E_3413_8,2_309_8,14.139906883239746
E_3413_8,2_16382_8,12.20086669921875
E_2_0,2_14297_9,2.281768560409546
E_1570_9,2_14297_9,22.334049224853516
E_7565_13,2_11770_13,24.77036476135254
0_8061_15,2_7676_15,-8.688783645629883
1_6333_15,2_7676_15,-2.637399673461914
E_575_15,2_7676_15,34.14474868774414
0_8061_15,2_12115_15,-3.17695689201355
E_7565_13,2_12115_15,-1.6032079458236694
E_575_15,2_12115_15,22.7003173828125
0_3820_16,2_4035_16,-4.440336227416992
E_575_15,2_4035_16,15.691784858703613
E_573_16,2_4035_16,23.141380310058594
E_3413_8,2_5684_17,1.6824045181274414
E_575_15,2_5684_17,1.8427261114120483
E_3170_17,2_5684_17,12.61227798461914
0_8061_15,2_12712_17,-1.5217278003692627
E_575_15,2_12712_17,10.382024765014648
E_3170_17,2_12712_17,3.27884578704834
1_2344_17,2_13756_17,-1.9003537893295288
E_573_16,2_13756_17,-2.3926916122436523
E_3170_17,2_13756_17,30.37715721130371
E_7565_31,2_11770_31,24.652183532714844
0_4935_39,2_9457_39,-2.1165144443511963
E_9713_38,2_9457_39,6.9348649978637695
E_11695_39,2_9457_39,14.744972229003906
0_4870_40,2_6797_41,-1.7906416654586792
0_6143_41,2_6797_41,2.4361917972564697
E_9713_38,2_6797_41,1.2877687215805054
E_11695_39,2_6797_41,1.0911954641342163
E_235269_40,2_6797_41,8.86920166015625
E_6092_41,2_6797_41,4.120702743530273
0_4870_40,2_12493_41,-1.165476679801941
0_6143_41,2_12493_41,3.28293776512146
E_2_0,2_12493_41,-3.2925593852996826
E_124840_29,2_12493_41,-0.7270696759223938
E_9713_38,2_12493_41,1.8613979816436768
E_11695_39,2_12493_41,1.83413565158844
E_235269_40,2_12493_41,6.715436935424805
E_6092_41,2_12493_41,13.562877655029297
E_3407_3,3_16048_3,25.154767990112305
E_736_4,3_2950_5,3.1682136058807373
E_13060_5,3_2950_5,8.773487091064453
E_13060_5,3_5276_5,15.972280502319336
E_13060_5,3_430_6,8.18836784362793
E_235292_6,3_430_6,7.79334831237793
E_13060_5,3_4285_6,7.1319451332092285
E_235292_6,3_4285_6,7.411834716796875
1_2344_17,3_14009_17,-1.5997015237808228
2_13756_17,3_14009_17,-1.798304557800293
E_573_16,3_14009_17,-1.4521677494049072
E_3170_17,3_14009_17,23.652095794677734
0_2848_35,3_13967_35,-2.934891700744629
1_15085_34,3_13967_35,-3.2344729900360107
E_3413_34,3_13967_35,21.118396759033203
E_576_35,3_13967_35,14.342268943786621
0_6143_41,3_4625_41,1.895513892173767
2_9457_39,3_4625_41,2.4408466815948486
2_6797_41,3_4625_41,2.565176010131836
2_12493_41,3_4625_41,2.618479013442993
E_2_0,3_4625_41,-1.739369511604309
E_9713_38,3_4625_41,1.4791287183761597
E_11695_39,3_4625_41,2.6514744758605957
E_235269_40,3_4625_41,3.873854160308838
E_6092_41,3_4625_41,5.146814823150635
0_6143_41,3_11116_41,2.2874410152435303
2_9457_39,3_11116_41,3.213069200515747
2_6797_41,3_11116_41,3.433063507080078
2_12493_41,3_11116_41,5.134029388427734
E_2_0,3_11116_41,-1.619124174118042
E_9713_38,3_11116_41,1.8304905891418457
E_11695_39,3_11116_41,2.8681461811065674
E_235269_40,3_11116_41,3.2726690769195557
E_6092_41,3_11116_41,6.79420280456543
2_12493_41,3_3783_42,4.974530220031738
E_6092_41,3_3783_42,6.4692912101745605
E_235269_42,3_3783_42,3.794487953186035
E_5958_1,4_4037_1,31.198102951049805
2_13365_5,4_10373_5,3.3448331356048584
E_13060_5,4_10373_5,18.043895721435547
0_3_9,4_4322_9,1.5526072978973389
E_714_7,4_4322_9,3.3185744285583496
E_3413_8,4_4322_9,1.7453343868255615
E_1570_9,4_4322_9,7.46879768371582
E_3413_8,4_7870_9,24.05967903137207
E_714_7,4_8047_9,6.319877624511719
E_3413_8,4_8047_9,2.958298444747925
E_1570_9,4_8047_9,4.143435955047607
E_1570_9,4_10_13,3.6972076892852783
E_7565_13,4_10_13,21.73921775817871
E_7565_13,4_15254_13,18.90731430053711
0_8918_17,4_6087_17,-1.1029043197631836
1_11039_17,4_6087_17,-1.7067179679870605
3_14009_17,4_6087_17,-3.266439914703369
0_0_17,4_6087_17,1.2595024108886719
0_1_17,4_6087_17,1.8157917261123657
E_714_7,4_6087_17,-0.9062598347663879
E_3413_8,4_6087_17,1.5350207090377808
E_1570_9,4_6087_17,1.461344599723816
E_7565_13,4_6087_17,0.9014469981193542
E_575_15,4_6087_17,1.318943977355957
E_3170_17,4_6087_17,22.486406326293945
E_575_15,4_11611_17,-1.7376971244812012
E_3170_17,4_11611_17,8.312689781188965
2_13756_17,4_13515_17,-2.5358288288116455
E_3170_17,4_13515_17,20.581785202026367
E_3170_17,4_6087_18,22.618179321289062
E_576_18,4_6087_18,3.4338676929473877
0_6143_41,4_7569_41,2.3770363330841064
2_9457_39,4_7569_41,1.191161036491394
2_6797_41,4_7569_41,1.3256280422210693
2_12493_41,4_7569_41,6.712913513183594
3_4625_41,4_7569_41,4.020359039306641
3_11116_41,4_7569_41,-2.020688772201538
E_235269_40,4_7569_41,6.722036361694336
E_6092_41,4_7569_41,5.128592014312744
2_12493_41,4_309_42,1.5902681350708008
3_3783_42,4_309_42,6.58649206161499
E_235269_40,4_309_42,4.668838977813721
0_3850_42,4_10658_42,-1.5083473920822144
0_4870_42,4_10658_42,-1.1415411233901978
3_3783_42,4_10658_42,2.6702656745910645
E_235269_42,4_10658_42,10.940750122070312
E_2_0,5_3992_1,21.697465896606445
E_3407_3,5_14118_5,16.21743392944336
E_13060_5,5_14118_5,3.4781839847564697
2_13756_17,5_9554_17,-1.6239559650421143
3_14009_17,5_9554_17,-1.3625175952911377
4_6087_17,5_9554_17,3.3133010864257812
0_4_17,5_9554_17,1.160979151725769
E_2_0,5_9554_17,2.0181729793548584
E_3170_17,5_9554_17,13.155291557312012
2_9457_39,5_8755_41,2.2731447219848633
2_12493_41,5_8755_41,3.2408297061920166
3_4625_41,5_8755_41,1.6368814706802368
E_2_0,5_8755_41,-5.293523788452148
E_235269_40,5_8755_41,6.7019944190979
E_6092_41,5_8755_41,3.8238000869750977
2_12493_41,6_1816_41,4.244156837463379
3_4625_41,6_1816_41,1.618347406387329
5_8755_41,6_1816_41,5.984813690185547
E_2_0,6_1816_41,-2.6320953369140625
E_6092_41,6_1816_41,11.068156242370605
3_4625_41,8_8118_41,-2.725515604019165
3_11116_41,8_8118_41,3.871222972869873
4_7569_41,8_8118_41,-2.0184967517852783
5_8755_41,8_8118_41,2.596524477005005
E_2_0,8_8118_41,-1.645848035812378
E_6092_41,8_8118_41,6.122929096221924
3_14009_17,9_11486_17,-1.9859983921051025
4_6087_17,9_11486_17,3.4655168056488037
5_9554_17,9_11486_17,-2.782256603240967
E_2_0,9_11486_17,-2.8365557193756104
E_7565_13,9_11486_17,2.327119827270508
E_3170_17,9_11486_17,12.482531547546387
3_11116_41,9_4420_41,1.3254776000976562
6_1816_41,9_4420_41,1.8319542407989502
0_8_41,9_4420_41,1.5345940589904785
E_6092_41,9_4420_41,5.3954057693481445
4_6087_17,10_8998_17,1.5154305696487427
9_11486_17,10_8998_17,1.9929537773132324
E_3170_17,10_8998_17,6.58923864364624
5_8755_41,10_151_41,3.482983350753784
3_14009_17,11_10348_17,-2.6527254581451416
4_6087_17,11_10348_17,2.7362844944000244
9_11486_17,11_10348_17,2.2512667179107666
10_8998_17,11_10348_17,2.177204132080078
0_10_17,11_10348_17,3.011934518814087
E_3170_17,11_10348_17,14.99427604675293
2_12493_41,11_854_41,1.738877296447754
3_11116_41,11_854_41,1.674638032913208
8_8118_41,11_854_41,2.384185552597046
9_4420_41,11_854_41,2.016265392303467
0_6_41,11_854_41,1.7668776512145996
0_10_41,11_854_41,1.6619348526000977
E_2_0,11_854_41,-6.716917037963867
E_6092_41,11_854_41,8.555182456970215
0_8061_15,14_3771_17,-3.97507381439209
E_575_15,14_3771_17,19.23465347290039
E_6092_41,14_2792_41,11.422115325927734
4_10658_42,14_10275_42,2.606415271759033
0_13_42,14_10275_42,2.6665000915527344
E_235269_42,14_10275_42,7.823939800262451
3_14009_17,15_10615_17,-1.9546767473220825
4_6087_17,15_10615_17,6.316235542297363
4_13515_17,15_10615_17,-1.4123497009277344
5_9554_17,15_10615_17,-2.2733657360076904
0_11_17,15_10615_17,1.4698810577392578
E_2_0,15_10615_17,1.5181009769439697
E_3413_8,15_10615_17,1.5360466241836548
E_3170_17,15_10615_17,23.565296173095703
2_12493_41,15_266_41,6.361906051635742
E_2_0,15_266_41,-3.7320566177368164
E_6092_41,15_266_41,22.987838745117188
2_12493_41,15_4421_41,8.669635772705078
4_7569_41,15_4421_41,5.445037841796875
5_8755_41,15_4421_41,3.752067804336548
6_1816_41,15_4421_41,3.513474941253662
11_854_41,15_4421_41,5.233336925506592
0_8_41,15_4421_41,-2.229807138442993
0_10_41,15_4421_41,-1.8509345054626465
0_12_41,15_4421_41,-3.073272228240967
E_2_0,15_4421_41,-2.6940762996673584
E_13060_5,15_4421_41,3.1816015243530273
E_575_15,15_4421_41,-1.8718229532241821
E_573_16,15_4421_41,-2.0820164680480957
E_729_30,15_4421_41,-2.648258686065674
E_3413_34,15_4421_41,3.2114973068237305
E_235286_36,15_4421_41,-2.26794695854187
E_235269_40,15_4421_41,2.2943499088287354
E_6092_41,15_4421_41,23.35940170288086
8_8118_41,15_6910_41,1.8155403137207031
10_151_41,15_6910_41,1.3901581764221191
11_854_41,15_6910_41,6.48087739944458
0_13_41,15_6910_41,3.9980947971343994
0_14_41,15_6910_41,-1.5732765197753906
E_6092_41,15_6910_41,5.137982368469238
0_4870_42,15_4421_42,3.5021934509277344
2_12493_41,15_4421_42,3.101653575897217
4_309_42,15_4421_42,3.7687973976135254
0_12_42,15_4421_42,-3.1848044395446777
0_14_42,15_4421_42,-3.660900115966797
E_13060_5,15_4421_42,3.8942136764526367
E_3413_34,15_4421_42,3.0653505325317383
E_235269_40,15_4421_42,3.357886552810669
E_6092_41,15_4421_42,5.823732852935791
E_235269_42,15_4421_42,-7.5897417068481445
11_854_41,16_10405_41,3.378323793411255
15_6910_41,16_10405_41,4.244855880737305
0_13_41,16_10405_41,3.2348599433898926
0_14_41,16_10405_41,-2.784118890762329
E_3170_17,16_10405_41,3.4385159015655518
4_6087_17,17_467_17,5.950466156005859
15_10615_17,17_467_17,7.579999923706055
0_16_17,17_467_17,-4.191504955291748
E_2_0,17_467_17,-6.602576732635498
E_3170_17,17_467_17,42.444190979003906
15_4421_41,17_16042_41,12.643387794494629
E_2_0,17_16042_41,8.871312141418457
3_4625_41,17_11998_42,-5.526586532592773
3_11116_41,17_11998_42,6.0488481521606445
15_4421_41,17_11998_42,-9.130668640136719
15_4421_42,17_11998_42,-10.905546188354492
0_13_42,17_11998_42,6.101978302001953
0_14_42,17_11998_42,-5.130928993225098
0_16_42,17_11998_42,9.313785552978516
E_235269_40,17_11998_42,6.711461067199707
E_6092_41,17_11998_42,6.336245536804199
0_8722_7,18_7550_41,-1.72530198097229
3_4625_41,18_7550_41,-2.22046160697937
3_11116_41,18_7550_41,2.091594934463501
5_8755_41,18_7550_41,2.395020008087158
8_8118_41,18_7550_41,1.9958016872406006
9_4420_41,18_7550_41,1.6977620124816895
11_854_41,18_7550_41,3.6631906032562256
15_266_41,18_7550_41,5.26038932800293
15_4421_41,18_7550_41,16.26833152770996
15_6910_41,18_7550_41,10.877062797546387
17_16042_41,18_7550_41,-2.886223077774048
0_11_41,18_7550_41,3.7383320331573486
0_12_41,18_7550_41,-3.5812289714813232
0_14_41,18_7550_41,-9.314245223999023
0_15_41,18_7550_41,5.938709735870361
0_16_41,18_7550_41,-3.1394152641296387
0_17_41,18_7550_41,5.328995227813721
E_2_0,18_7550_41,-8.156312942504883
E_5958_1,18_7550_41,8.022181510925293
E_24176_2,18_7550_41,-3.321742534637451
E_3407_3,18_7550_41,-3.087357997894287
E_13060_5,18_7550_41,-2.0737552642822266
E_714_7,18_7550_41,2.044947624206543
E_3413_8,18_7550_41,-5.0370988845825195
E_1570_9,18_7550_41,-1.6372441053390503
E_117335_10,18_7550_41,-2.451125144958496
E_124840_11,18_7550_41,1.7055364847183228
E_729_12,18_7550_41,1.7452120780944824
E_603_14,18_7550_41,-1.6998622417449951
E_575_15,18_7550_41,-2.894655227661133
E_3170_17,18_7550_41,11.954683303833008
E_1261_23,18_7550_41,-2.147122383117676
E_124840_29,18_7550_41,2.0578572750091553
E_7565_31,18_7550_41,1.8974326848983765
E_576_35,18_7550_41,-1.929540991783142
E_235269_40,18_7550_41,3.0051586627960205
E_6092_41,18_7550_41,10.427002906799316
0_6959_1,18_7550_42,1.522473931312561
0_7000_2,18_7550_42,0.5550477504730225
0_12083_2,18_7550_42,-1.0081229209899902
0_14983_2,18_7550_42,1.3142105340957642
0_2799_3,18_7550_42,-0.8266403675079346
0_8178_4,18_7550_42,-0.5221174955368042
0_7718_5,18_7550_42,-0.8260648846626282
0_8211_5,18_7550_42,0.8514269590377808
0_9026_5,18_7550_42,0.659506618976593
0_9488_5,18_7550_42,0.7603417038917542
0_2858_6,18_7550_42,-0.5679611563682556
0_8722_7,18_7550_42,-1.698900580406189
0_4045_8,18_7550_42,-0.5338993072509766
0_5840_8,18_7550_42,0.6971030235290527
0_1295_9,18_7550_42,1.1064692735671997
0_4180_13,18_7550_42,0.5659000277519226
0_11872_13,18_7550_42,0.5908304452896118
0_15736_13,18_7550_42,-1.2387529611587524
0_8061_15,18_7550_42,0.6412340998649597
0_2458_30,18_7550_42,-0.8956726789474487
0_2848_35,18_7550_42,0.7137390971183777
0_4870_40,18_7550_42,-1.18602454662323
0_6143_41,18_7550_42,1.3071846961975098
0_3850_42,18_7550_42,0.9388607144355774
0_4870_42,18_7550_42,1.8483089208602905
1_15085_8,18_7550_42,0.876775860786438
1_15499_9,18_7550_42,-0.5226982831954956
1_16375_9,18_7550_42,0.5473185181617737
1_2344_17,18_7550_42,-0.538986325263977
2_1847_3,18_7550_42,0.8351694345474243
2_5982_3,18_7550_42,-0.539283037185669
2_7564_5,18_7550_42,-0.6718037128448486
2_16382_8,18_7550_42,0.6343070864677429
2_5684_17,18_7550_42,0.7256699800491333
2_12712_17,18_7550_42,0.5262413024902344
2_13756_17,18_7550_42,-0.5854815244674683
2_12493_41,18_7550_42,2.1517841815948486
3_16048_3,18_7550_42,0.8004448413848877
3_14009_17,18_7550_42,-1.0006663799285889
3_13967_35,18_7550_42,0.633731484413147
3_4625_41,18_7550_42,-0.5983920693397522
3_11116_41,18_7550_42,1.1837916374206543
3_3783_42,18_7550_42,3.1207103729248047
4_10373_5,18_7550_42,-0.8384380340576172
4_4322_9,18_7550_42,1.3694286346435547
4_10_13,18_7550_42,-0.6792210340499878
4_15254_13,18_7550_42,-0.9035261273384094
4_6087_17,18_7550_42,0.9699419736862183
4_13515_17,18_7550_42,-0.5238542556762695
4_7569_41,18_7550_42,2.347367286682129
4_309_42,18_7550_42,1.3596020936965942
5_14118_5,18_7550_42,-0.86034095287323
5_9554_17,18_7550_42,-0.6961026787757874
5_8755_41,18_7550_42,1.450238823890686
6_1816_41,18_7550_42,1.2093641757965088
8_8118_41,18_7550_42,1.225428581237793
9_11486_17,18_7550_42,0.6716695427894592
9_4420_41,18_7550_42,1.1212373971939087
10_8998_17,18_7550_42,1.1228432655334473
11_10348_17,18_7550_42,1.1494346857070923
11_854_41,18_7550_42,3.2017507553100586
14_2792_41,18_7550_42,0.9382046461105347
15_10615_17,18_7550_42,1.9119120836257935
15_266_41,18_7550_42,3.9852917194366455
15_4421_41,18_7550_42,5.901191711425781
15_6910_41,18_7550_42,5.718321800231934
15_4421_42,18_7550_42,8.867334365844727
16_10405_41,18_7550_42,0.7361196279525757
17_467_17,18_7550_42,1.8584647178649902
17_11998_42,18_7550_42,-0.9807764291763306
0_0_1,18_7550_42,1.072002649307251
0_0_2,18_7550_42,0.5528428554534912
0_0_5,18_7550_42,0.5310461521148682
0_0_9,18_7550_42,0.6361244916915894
0_0_23,18_7550_42,-0.8069207072257996
0_1_2,18_7550_42,-0.9550900459289551
0_1_5,18_7550_42,-1.1425119638442993
0_2_2,18_7550_42,-0.8914680480957031
0_2_3,18_7550_42,0.5316519737243652
0_2_5,18_7550_42,0.7535900473594666
0_2_9,18_7550_42,0.7590755224227905
0_2_11,18_7550_42,0.5651223063468933
0_3_24,18_7550_42,0.896587073802948
0_4_6,18_7550_42,0.8492338061332703
0_5_24,18_7550_42,-0.6550740003585815
0_5_41,18_7550_42,0.6830472350120544
0_6_5,18_7550_42,-0.9820922613143921
0_6_6,18_7550_42,-1.143703818321228
0_6_13,18_7550_42,-1.570680856704712
0_6_20,18_7550_42,0.7688326239585876
0_6_24,18_7550_42,0.6856703162193298
0_7_5,18_7550_42,-0.6024537682533264
0_7_42,18_7550_42,-2.8074615001678467
0_8_41,18_7550_42,0.5382785797119141
0_9_13,18_7550_42,-0.6539859771728516
0_9_30,18_7550_42,0.8028717041015625
0_10_17,18_7550_42,0.7097088694572449
0_10_41,18_7550_42,0.5759005546569824
0_11_41,18_7550_42,1.1654133796691895
0_11_42,18_7550_42,4.174461364746094
0_12_42,18_7550_42,-4.282807350158691
0_13_41,18_7550_42,-3.4909512996673584
0_13_42,18_7550_42,-0.591154932975769
0_14_17,18_7550_42,-1.4511008262634277
0_14_41,18_7550_42,-2.630112886428833
0_14_42,18_7550_42,-5.481743335723877
0_15_17,18_7550_42,0.6655738949775696
0_15_41,18_7550_42,2.563330888748169
0_15_42,18_7550_42,9.141192436218262
0_16_41,18_7550_42,1.1969319581985474
0_16_42,18_7550_42,-5.669094562530518
0_17_42,18_7550_42,2.0211520195007324
E_2_0,18_7550_42,-8.2572021484375
E_5958_1,18_7550_42,9.098922729492188
E_24176_2,18_7550_42,-3.125211000442505
E_3407_3,18_7550_42,-3.1303915977478027
E_736_4,18_7550_42,1.831740379333496
E_13060_5,18_7550_42,-2.012571334838867
E_235292_6,18_7550_42,-1.1283009052276611
E_714_7,18_7550_42,2.5455996990203857
E_3413_8,18_7550_42,-4.48595666885376
E_1570_9,18_7550_42,-0.7501001358032227
E_117335_10,18_7550_42,-3.077580213546753
E_124840_11,18_7550_42,2.1777162551879883
E_729_12,18_7550_42,0.5981386303901672
E_7565_13,18_7550_42,1.4471497535705566
E_603_14,18_7550_42,-2.2552106380462646
E_575_15,18_7550_42,-3.824284553527832
E_3170_17,18_7550_42,12.48509407043457
E_576_18,18_7550_42,0.9305532574653625
E_235254_20,18_7550_42,1.4580752849578857
E_235254_22,18_7550_42,0.9240884780883789
E_1261_23,18_7550_42,-1.263485312461853
E_124840_29,18_7550_42,1.913706660270691
E_7565_31,18_7550_42,2.9270224571228027
E_576_35,18_7550_42,-2.0952303409576416
E_235286_36,18_7550_42,-1.5251471996307373
E_235254_37,18_7550_42,1.0600558519363403
E_11695_39,18_7550_42,0.7613075375556946
E_235269_40,18_7550_42,1.4741493463516235
E_6092_41,18_7550_42,12.608649253845215
E_235269_42,18_7550_42,-2.892373561859131
14_2792_41,19_349_41,3.5815629959106445
18_7550_41,19_349_41,12.383245468139648
0_12_41,19_349_41,3.1643741130828857
0_15_41,19_349_41,3.5580573081970215
0_17_41,19_349_41,3.523257255554199
0_18_41,19_349_41,-4.945082664489746
E_3407_3,19_349_41,-3.359467029571533
E_11695_39,19_349_41,3.4351954460144043
E_6092_41,19_349_41,16.309364318847656
18_7550_41,19_9067_41,9.675212860107422
0_17_41,19_9067_41,-3.921476364135742
0_18_41,19_9067_41,5.876977920532227
E_2_0,19_9067_41,-4.231601238250732
E_5958_1,19_9067_41,5.3134636878967285
0_6143_41,19_349_42,1.058295726776123
9_4420_41,19_349_42,1.2681540250778198
14_2792_41,19_349_42,2.180765390396118
15_4421_41,19_349_42,1.0609294176101685
18_7550_42,19_349_42,20.892114639282227
0_6_6,19_349_42,1.0836646556854248
0_6_17,19_349_42,-1.5314910411834717
0_11_17,19_349_42,-1.3355097770690918
0_12_41,19_349_42,2.544184446334839
0_14_41,19_349_42,-1.079653024673462
0_14_42,19_349_42,-4.821559906005859
0_15_42,19_349_42,3.5426156520843506
0_16_42,19_349_42,-1.7317595481872559
0_17_42,19_349_42,2.8571066856384277
0_18_42,19_349_42,-2.2655465602874756
E_2_0,19_349_42,-3.7498397827148438
E_5958_1,19_349_42,-2.4223005771636963
E_24176_2,19_349_42,-1.6414027214050293
E_3407_3,19_349_42,-2.8535423278808594
E_13060_5,19_349_42,-1.8957840204238892
E_117335_10,19_349_42,-1.800154685974121
E_729_12,19_349_42,1.2838293313980103
E_603_14,19_349_42,2.8298370838165283
E_3170_17,19_349_42,1.9023041725158691
E_1261_23,19_349_42,1.5575090646743774
E_202194_28,19_349_42,-1.121537446975708
E_7565_31,19_349_42,1.8803434371948242
E_11695_39,19_349_42,3.3067150115966797
E_6092_41,19_349_42,11.06485366821289
E_235269_42,19_349_42,2.5073165893554688
18_7550_42,19_5699_42,9.066696166992188
E_2_0,19_5699_42,-12.452943801879883
4_6087_17,19_5773_42,3.704444646835327
15_10615_17,19_5773_42,6.330509185791016
17_11998_42,19_5773_42,4.233872413635254
18_7550_42,19_5773_42,14.970757484436035
0_14_42,19_5773_42,3.548022508621216
0_16_42,19_5773_42,-3.7078309059143066
0_17_42,19_5773_42,-6.8617634773254395
0_18_42,19_5773_42,5.210901737213135
E_2_0,19_5773_42,-10.024739265441895
E_5958_1,19_5773_42,4.542091369628906
E_235292_6,19_5773_42,-4.252857685089111
E_3413_8,19_5773_42,-5.1009697914123535
E_1570_9,19_5773_42,-3.9759414196014404
E_3170_17,19_5773_42,13.526233673095703
E_7565_31,19_5773_42,-4.356149673461914
E_235269_42,19_5773_42,-5.180232048034668
15_4421_42,19_9067_42,1.9981833696365356
18_7550_42,19_9067_42,16.235809326171875
0_12_42,19_9067_42,2.06736159324646
0_13_41,19_9067_42,2.0483498573303223
0_15_42,19_9067_42,3.2815563678741455
0_18_42,19_9067_42,4.184082984924316
E_2_0,19_9067_42,-4.738768100738525
E_5958_1,19_9067_42,4.47772216796875
E_13060_5,19_9067_42,1.8786132335662842
E_235292_6,19_9067_42,-1.7993156909942627
E_3413_8,19_9067_42,-2.0127923488616943
E_1570_9,19_9067_42,-2.877772092819214
E_7565_13,19_9067_42,2.1713948249816895
E_575_15,19_9067_42,1.5670605897903442
E_1261_23,19_9067_42,1.9376845359802246
E_575_32,19_9067_42,1.9218307733535767
E_235269_40,19_9067_42,3.110199451446533
E_235269_42,19_9067_42,-2.3544857501983643
18_7550_42,19_10826_42,25.30606460571289
0_16_42,19_10826_42,-10.797393798828125
E_3170_17,19_10826_42,11.032073974609375
17_11998_42,19_11872_42,5.200490951538086
18_7550_42,19_11872_42,28.299009323120117
0_17_42,19_11872_42,-6.559481143951416
E_2_0,19_11872_42,-4.842514991760254
E_3170_17,19_11872_42,9.280722618103027
18_7550_41,20_2348_41,7.035755157470703
19_349_41,20_2348_41,3.873682975769043
0_18_41,20_2348_41,-3.5289807319641113
E_5958_1,20_2348_41,-3.394449234008789
E_3170_17,20_2348_41,2.961733102798462
E_6092_41,20_2348_41,9.995794296264648
17_11998_42,20_411_42,1.775997281074524
18_7550_42,20_411_42,17.47281265258789
19_5773_42,20_411_42,1.975415825843811
19_9067_42,20_411_42,3.1500163078308105
19_11872_42,20_411_42,2.0295462608337402
0_15_42,20_411_42,2.624227523803711
0_16_42,20_411_42,-1.7296748161315918
0_17_42,20_411_42,2.270982265472412
E_2_0,20_411_42,5.841869354248047
E_3170_17,20_411_42,2.566403388977051
E_6092_41,20_411_42,2.1138577461242676
0_6959_1,20_2348_42,0.9891210198402405
0_1295_9,20_2348_42,1.5618375539779663
0_3850_42,20_2348_42,-1.161013126373291
14_2792_41,20_2348_42,0.9739283323287964
15_4421_41,20_2348_42,1.1318426132202148
15_6910_41,20_2348_42,1.1856436729431152
17_11998_42,20_2348_42,1.5461387634277344
18_7550_42,20_2348_42,11.138187408447266
19_349_42,20_2348_42,7.490771293640137
19_5773_42,20_2348_42,1.243904948234558
19_9067_42,20_2348_42,1.4269102811813354
19_10826_42,20_2348_42,-1.6611498594284058
19_11872_42,20_2348_42,-5.811666965484619
0_0_3,20_2348_42,0.9644419550895691
0_4_9,20_2348_42,1.368412971496582
0_11_17,20_2348_42,-1.0890862941741943
0_12_17,20_2348_42,1.156695008277893
0_12_41,20_2348_42,1.9190971851348877
0_12_42,20_2348_42,-0.9075728058815002
0_13_42,20_2348_42,-2.0347254276275635
0_15_17,20_2348_42,-1.0077370405197144
0_15_41,20_2348_42,0.9279106855392456
0_15_42,20_2348_42,2.5647504329681396
0_17_42,20_2348_42,2.6418697834014893
0_18_42,20_2348_42,-1.591080904006958
E_2_0,20_2348_42,1.2977395057678223
E_5958_1,20_2348_42,-4.654630184173584
E_24176_2,20_2348_42,1.7518658638000488
E_235292_6,20_2348_42,2.308223009109497
E_714_7,20_2348_42,-0.9104195833206177
E_1570_9,20_2348_42,-1.9558556079864502
E_117335_10,20_2348_42,1.298583984375
E_124840_11,20_2348_42,2.822382926940918
E_729_12,20_2348_42,-1.0816736221313477
E_603_14,20_2348_42,0.9566397070884705
E_3170_17,20_2348_42,3.1137256622314453
E_235286_19,20_2348_42,-1.0876144170761108
E_124840_29,20_2348_42,1.4810235500335693
E_729_30,20_2348_42,0.9394144415855408
E_575_32,20_2348_42,-1.3640199899673462
E_3413_34,20_2348_42,-1.1236968040466309
E_9713_38,20_2348_42,1.6729457378387451
E_11695_39,20_2348_42,1.6560590267181396
E_235269_40,20_2348_42,-1.554458737373352
E_6092_41,20_2348_42,5.112059116363525
18_7550_42,20_4170_42,16.886077880859375
19_349_42,20_4170_42,3.7165019512176514
19_5773_42,20_4170_42,3.0729799270629883
E_2_0,20_4170_42,-2.3851077556610107
E_5958_1,20_4170_42,4.480277061462402
E_3170_17,20_4170_42,2.7073545455932617
E_1261_23,20_4170_42,3.409691095352173
0_4870_42,20_5469_42,4.9251251220703125
0_16_42,20_5469_42,-4.858452796936035
0_17_42,20_5469_42,4.6310858726501465
E_2_0,20_5469_42,7.744869232177734
E_235269_40,20_5469_42,7.261046886444092
E_235269_42,20_5469_42,15.923301696777344
15_10615_17,20_15360_42,5.718839168548584
18_7550_42,20_15360_42,6.884664058685303
0_16_42,20_15360_42,-5.308599472045898
E_3170_17,20_15360_42,12.764165878295898
E_575_15,21_9949_41,10.793838500976562
19_9067_41,21_4520_42,5.879395484924316
E_2_0,21_4520_42,-7.304492473602295
15_6910_41,21_7764_42,2.6018147468566895
17_11998_42,21_7764_42,3.9173805713653564
18_7550_41,21_7764_42,5.98136568069458
18_7550_42,21_7764_42,27.263946533203125
19_10826_42,21_7764_42,-2.9358489513397217
19_11872_42,21_7764_42,-5.088693618774414
20_411_42,21_7764_42,-6.855636119842529
20_2348_42,21_7764_42,4.240210056304932
0_20_42,21_7764_42,-7.835265636444092
E_2_0,21_7764_42,-7.738946914672852
E_5958_1,21_7764_42,2.5515425205230713
E_13060_5,21_7764_42,-2.4887635707855225
E_714_7,21_7764_42,3.0507278442382812
E_1570_9,21_7764_42,-3.2282488346099854
E_603_14,21_7764_42,2.552089214324951
E_3170_17,21_7764_42,8.414122581481934
E_6092_41,21_7764_42,6.863518238067627
E_235269_42,21_7764_42,3.178884506225586
0_17_42,21_9949_42,4.308121204376221
E_5958_1,21_9949_42,-4.821120738983154
E_1570_9,21_9949_42,5.761097431182861
E_575_15,21_9949_42,11.523643493652344
0_20_41,21_11106_42,8.269881248474121
E_2_0,21_11106_42,16.274208068847656
18_7550_42,21_13151_42,14.0982027053833
0_20_42,21_13151_42,-5.233299732208252
E_2_0,21_15694_42,6.032983303070068
18_7550_41,22_5607_41,22.020145416259766
19_349_41,22_5607_41,10.159646034240723
20_2348_41,22_5607_41,11.366864204406738
E_6092_41,22_5607_41,9.791677474975586
18_7550_42,22_1280_42,20.52375602722168
0_20_42,22_1280_42,-6.11942195892334
E_2_0,22_1280_42,-10.852396011352539
0_9189_2,22_5607_42,1.4221361875534058
0_1295_9,22_5607_42,0.8276432156562805
0_2848_18,22_5607_42,0.9598044753074646
1_2344_17,22_5607_42,-0.9290158152580261
2_13756_17,22_5607_42,-0.942279577255249
3_14009_17,22_5607_42,-0.9865769147872925
3_13967_35,22_5607_42,0.8219650983810425
4_6087_17,22_5607_42,1.1781693696975708
9_4420_41,22_5607_42,1.1900948286056519
11_10348_17,22_5607_42,1.2406996488571167
14_2792_41,22_5607_42,1.7936210632324219
15_10615_17,22_5607_42,1.913225769996643
15_4421_41,22_5607_42,1.1502397060394287
15_6910_41,22_5607_42,1.7407488822937012
17_467_17,22_5607_42,1.1753859519958496
17_11998_42,22_5607_42,2.360089063644409
18_7550_41,22_5607_42,7.261209011077881
18_7550_42,22_5607_42,34.642425537109375
19_349_41,22_5607_42,3.972135066986084
19_9067_41,22_5607_42,0.8291784524917603
19_349_42,22_5607_42,16.065290451049805
19_5699_42,22_5607_42,1.431114673614502
19_5773_42,22_5607_42,4.6891584396362305
19_9067_42,22_5607_42,1.8373947143554688
19_10826_42,22_5607_42,-2.0376694202423096
19_11872_42,22_5607_42,-3.226210355758667
20_2348_41,22_5607_42,3.2060763835906982
20_411_42,22_5607_42,-4.950002670288086
20_2348_42,22_5607_42,19.250877380371094
20_4170_42,22_5607_42,1.670559287071228
20_15360_42,22_5607_42,3.462798595428467
21_7764_42,22_5607_42,8.604268074035645
21_11106_42,22_5607_42,0.806064248085022
21_13151_42,22_5607_42,1.7484941482543945
0_0_3,22_5607_42,0.8776646852493286
0_0_5,22_5607_42,-1.3120386600494385
0_1_2,22_5607_42,-0.8944828510284424
0_1_5,22_5607_42,0.8961988687515259
0_3_5,22_5607_42,1.0250366926193237
0_4_9,22_5607_42,0.8923871517181396
0_4_13,22_5607_42,1.172203779220581
0_6_5,22_5607_42,-1.2634921073913574
0_6_24,22_5607_42,1.497172236442566
0_6_41,22_5607_42,0.9784149527549744
0_7_5,22_5607_42,0.989972710609436
0_7_24,22_5607_42,-0.8275988101959229
0_7_42,22_5607_42,-1.038425326347351
0_8_41,22_5607_42,1.1878862380981445
0_9_17,22_5607_42,-1.0036803483963013
0_11_42,22_5607_42,-2.6453096866607666
0_12_17,22_5607_42,-0.9174209833145142
0_12_41,22_5607_42,0.8691908121109009
0_12_42,22_5607_42,-1.371389627456665
0_13_41,22_5607_42,-0.8347119092941284
0_13_42,22_5607_42,-2.3126747608184814
0_14_42,22_5607_42,-1.2267487049102783
0_15_41,22_5607_42,4.0610880851745605
0_15_42,22_5607_42,3.094512462615967
0_16_41,22_5607_42,1.187905192375183
0_16_42,22_5607_42,3.1856391429901123
0_17_42,22_5607_42,1.9179534912109375
0_18_42,22_5607_42,-1.6470003128051758
0_19_41,22_5607_42,-0.8953859806060791
0_20_41,22_5607_42,-4.1511616706848145
0_20_42,22_5607_42,-17.602737426757812
0_21_42,22_5607_42,1.8507003784179688
E_2_0,22_5607_42,-4.565903663635254
E_5958_1,22_5607_42,1.6792227029800415
E_24176_2,22_5607_42,1.3403512239456177
E_3407_3,22_5607_42,-1.4937976598739624
E_736_4,22_5607_42,1.8250857591629028
E_13060_5,22_5607_42,-1.472764492034912
E_714_7,22_5607_42,1.5082423686981201
E_3413_8,22_5607_42,-1.1166284084320068
E_1570_9,22_5607_42,-1.151792049407959
E_729_12,22_5607_42,-1.174384593963623
E_573_16,22_5607_42,-0.8008047342300415
E_3170_17,22_5607_42,7.939977169036865
E_235286_19,22_5607_42,1.1830062866210938
E_235286_21,22_5607_42,0.8134732246398926
E_235254_22,22_5607_42,1.0469988584518433
E_1261_23,22_5607_42,-1.184814691543579
E_124840_29,22_5607_42,0.8743355870246887
E_729_30,22_5607_42,-2.3679416179656982
E_7565_31,22_5607_42,-0.9619501233100891
E_11695_39,22_5607_42,3.2630653381347656
E_6092_41,22_5607_42,10.079099655151367
E_235269_42,22_5607_42,-1.4566640853881836
18_7550_41,23_11462_41,6.596896648406982
19_349_41,23_11645_41,11.199620246887207
20_2348_41,23_11645_41,9.638904571533203
22_5607_41,23_11645_41,7.35298490524292
E_6092_41,23_11645_41,7.602273941040039
20_411_42,23_484_42,-2.5458261966705322
22_5607_42,23_484_42,5.868035316467285
0_4_5,23_484_42,3.01171612739563
0_14_42,23_484_42,-2.274768352508545
0_15_42,23_484_42,-2.5998709201812744
0_18_42,23_484_42,3.961345672607422
0_20_42,23_484_42,-2.332601547241211
E_24176_2,23_484_42,-2.802647113800049
E_7565_13,23_484_42,2.207228660583496
E_575_15,23_484_42,10.715179443359375
E_1261_23,23_484_42,-2.8209571838378906
22_5607_42,23_1471_42,5.856215476989746
E_2_0,23_1471_42,-14.134614944458008
18_7550_42,23_5100_42,2.4392826557159424
22_5607_42,23_5100_42,1.8820066452026367
22_5607_42,23_5188_42,-6.481597900390625
0_18_42,23_5188_42,4.403874397277832
0_21_42,23_5188_42,4.410515308380127
E_603_14,23_5188_42,3.6335349082946777
18_7550_42,23_6337_42,20.150365829467773
20_2348_42,23_6337_42,8.687374114990234
22_5607_42,23_6337_42,11.516297340393066
E_235269_42,23_8449_42,11.398399353027344
18_7550_42,23_11462_42,9.417322158813477
21_7764_42,23_11462_42,3.6051578521728516
0_17_42,23_11462_42,3.371936798095703
E_7565_13,23_11462_42,3.004641056060791
2_13756_17,23_11645_42,0.8544113039970398
6_1816_41,23_11645_42,0.7997733354568481
9_4420_41,23_11645_42,0.9934132099151611
14_2792_41,23_11645_42,1.6579514741897583
15_10615_17,23_11645_42,-1.1680456399917603
15_4421_41,23_11645_42,1.4462480545043945
17_11998_42,23_11645_42,-1.529051661491394
18_7550_41,23_11645_42,1.7243773937225342
18_7550_42,23_11645_42,7.449920177459717
19_349_41,23_11645_42,4.185324192047119
19_349_42,23_11645_42,15.473718643188477
19_5773_42,23_11645_42,0.8303582668304443
19_9067_42,23_11645_42,-1.1686652898788452
19_10826_42,23_11645_42,-0.7877921462059021
19_11872_42,23_11645_42,2.365417003631592
20_2348_41,23_11645_42,2.8822152614593506
20_411_42,23_11645_42,1.139656901359558
20_2348_42,23_11645_42,15.32773208618164
21_7764_42,23_11645_42,-1.0637403726577759
21_13151_42,23_11645_42,0.7431509494781494
21_15694_42,23_11645_42,-0.8019848465919495
22_5607_42,23_11645_42,25.14461898803711
0_0_5,23_11645_42,-1.0971615314483643
0_4_17,23_11645_42,-0.8359513878822327
0_5_41,23_11645_42,0.7732741832733154
0_7_24,23_11645_42,0.7439779043197632
0_10_41,23_11645_42,-1.0242376327514648
0_11_17,23_11645_42,-0.7749778032302856
0_12_42,23_11645_42,-1.4707027673721313
0_13_41,23_11645_42,-1.2818317413330078
0_13_42,23_11645_42,-1.773360252380371
0_14_17,23_11645_42,0.7369839549064636
0_14_41,23_11645_42,1.012528657913208
0_15_41,23_11645_42,1.4978020191192627
0_15_42,23_11645_42,1.3883540630340576
0_16_42,23_11645_42,1.2437022924423218
0_17_42,23_11645_42,1.6872493028640747
0_18_42,23_11645_42,-0.9681386947631836
0_20_41,23_11645_42,-2.3200249671936035
0_20_42,23_11645_42,-1.7019444704055786
0_21_42,23_11645_42,-0.7530336976051331
0_22_42,23_11645_42,-8.689868927001953
E_2_0,23_11645_42,3.212536096572876
E_13060_5,23_11645_42,1.6103556156158447
E_235292_6,23_11645_42,-1.641255259513855
E_1570_9,23_11645_42,1.5251243114471436
E_729_12,23_11645_42,-0.8966500163078308
E_575_15,23_11645_42,-2.1836540699005127
E_3170_17,23_11645_42,-2.736689805984497
E_7565_31,23_11645_42,0.9628799557685852
E_573_33,23_11645_42,0.930598795413971
E_3413_34,23_11645_42,1.1861934661865234
E_9713_38,23_11645_42,1.2738652229309082
E_11695_39,23_11645_42,3.4683315753936768
E_235269_40,23_11645_42,1.701022982597351
E_6092_41,23_11645_42,8.133369445800781
E_235269_42,23_11645_42,-3.525475263595581
22_5607_42,24_1156_42,8.305676460266113
E_2_0,24_1156_42,-5.310793876647949
E_235269_42,24_1156_42,-5.824409484863281
E_2_0,24_5999_42,28.450986862182617
E_235269_42,24_5999_42,24.880456924438477
20_5469_42,24_8682_42,8.981742858886719
E_2_0,24_8682_42,7.645002365112305
E_235269_42,24_8682_42,6.5249457359313965
18_7550_41,24_9943_42,3.7664833068847656
18_7550_42,24_9943_42,13.319933891296387
19_349_42,24_9943_42,3.7485320568084717
20_2348_42,24_9943_42,6.518396377563477
21_7764_42,24_9943_42,2.818659543991089
22_1280_42,24_9943_42,-2.422320604324341
22_5607_42,24_9943_42,10.37129020690918
23_11645_42,24_9943_42,-13.172195434570312
0_20_42,24_9943_42,-5.00480842590332
0_22_42,24_9943_42,-3.0553221702575684
E_2_0,24_9943_42,-4.448923587799072
E_5958_1,24_9943_42,2.511030912399292
E_3170_17,24_9943_42,3.0450439453125
E_6092_41,24_9943_42,5.591405391693115
E_575_15,24_12160_42,14.282608032226562
0_3850_42,24_13277_42,-4.662793159484863
21_4520_42,24_13277_42,2.833770275115967
22_5607_42,24_13277_42,3.960878610610962
23_5188_42,24_13277_42,-4.978464126586914
23_6337_42,24_13277_42,2.460175037384033
23_11645_42,24_13277_42,4.370810508728027
0_12_42,24_13277_42,-2.639582395553589
0_13_42,24_13277_42,-2.3345775604248047
0_17_42,24_13277_42,4.098820686340332
0_18_42,24_13277_42,3.334221601486206
0_20_42,24_13277_42,3.95280385017395
E_2_0,24_13277_42,-4.731236457824707
E_3407_3,24_13277_42,4.016393184661865
E_714_7,24_13277_42,-2.4800634384155273
E_3413_8,24_13277_42,-2.551443338394165
E_124840_29,24_13277_42,-2.992295742034912
E_575_32,24_13277_42,3.641993999481201
E_573_33,24_13277_42,2.630704402923584
E_576_35,24_13277_42,3.7294275760650635
E_235269_40,24_13277_42,3.257399082183838
E_235269_42,24_13277_42,12.041763305664062
15_10615_17,25_127_42,2.3811984062194824
18_7550_41,25_127_42,7.50134801864624
18_7550_42,25_127_42,21.40925407409668
19_349_41,25_127_42,2.6467552185058594
19_349_42,25_127_42,7.572754383087158
19_9067_42,25_127_42,2.972627639770508
20_2348_41,25_127_42,2.5194244384765625
20_411_42,25_127_42,-3.107959747314453
20_2348_42,25_127_42,9.014883041381836
20_15360_42,25_127_42,2.5215516090393066
21_7764_42,25_127_42,6.804314613342285
22_1280_42,25_127_42,-2.427541971206665
22_5607_42,25_127_42,23.94089126586914
23_11645_42,25_127_42,-20.181764602661133
24_9943_42,25_127_42,-3.2916462421417236
0_13_42,25_127_42,-3.6792454719543457
0_20_41,25_127_42,-3.0470130443573
0_20_42,25_127_42,-10.867222785949707
0_22_42,25_127_42,-4.0457763671875
E_2_0,25_127_42,-4.2155609130859375
E_13060_5,25_127_42,2.3867902755737305
E_3413_8,25_127_42,2.2541911602020264
E_1570_9,25_127_42,-3.9430506229400635
E_3170_17,25_127_42,9.531573295593262
E_729_30,25_127_42,-2.79213285446167
E_235269_40,25_127_42,3.259885311126709
E_6092_41,25_127_42,7.173525810241699
E_235269_42,25_127_42,-6.288229465484619
24_13277_42,25_4717_42,10.261494636535645
0_21_42,25_4717_42,-23.056291580200195
0_23_42,25_4717_42,16.82400131225586
E_2_0,25_4717_42,13.576375007629395
E_3407_3,25_4717_42,10.325263977050781
18_7550_42,25_10168_42,10.724493980407715
22_5607_42,25_10168_42,-7.229471206665039
23_11645_42,25_10168_42,-9.93664836883545
24_9943_42,25_10168_42,-11.76339340209961
E_6092_41,25_10168_42,7.760384559631348
E_2_0,25_10860_42,5.095813274383545
E_2_0,25_12192_42,-4.973415374755859
22_5607_42,25_12418_42,-2.568129301071167
23_484_42,25_12418_42,3.3656904697418213
0_19_42,25_12418_42,2.745208740234375
E_2_0,25_12418_42,-2.5689918994903564
E_1570_9,25_12418_42,3.3747048377990723
E_575_15,25_12418_42,8.677987098693848
0_19_41,25_12604_42,2.3058252334594727
0_19_42,25_12604_42,2.538721799850464
E_2_0,25_12604_42,-2.6674466133117676
E_5958_1,25_12604_42,2.1088502407073975
20_5469_42,25_14522_42,4.086495399475098
0_24_42,25_14522_42,4.014018535614014
E_235269_42,25_14522_42,-3.920006036758423
18_7550_42,25_16093_42,7.48514986038208
22_5607_42,25_16093_42,5.3173980712890625
0_2455_1,27_575_42,0.044827163219451904
0_6959_1,27_575_42,0.11648133397102356
0_7344_1,27_575_42,0.03645927459001541
0_8008_1,27_575_42,0.06198597699403763
0_10178_1,27_575_42,-0.06881777197122574
0_10317_1,27_575_42,-0.03992915898561478
0_1178_2,27_575_42,0.03373733535408974
0_4805_2,27_575_42,-0.07261531054973602
0_6794_2,27_575_42,0.0877470001578331
0_7000_2,27_575_42,0.08954669535160065
0_9189_2,27_575_42,-0.13105659186840057
0_9813_2,27_575_42,-0.08568940311670303
0_10422_2,27_575_42,0.10609637200832367
0_10425_2,27_575_42,-0.048930369317531586
0_12083_2,27_575_42,-0.06165307015180588
0_12572_2,27_575_42,0.04616009443998337
0_14983_2,27_575_42,-0.03033909946680069
0_973_3,27_575_42,-0.04535071551799774
0_1117_3,27_575_42,0.03418128937482834
0_2799_3,27_575_42,-0.08744057267904282
0_2983_3,27_575_42,-0.07172908633947372
0_4337_3,27_575_42,-0.03739183023571968
0_7731_3,27_575_42,-0.05104408785700798
0_8697_3,27_575_42,0.0318523645401001
0_9868_3,27_575_42,-0.04136907681822777
0_11427_3,27_575_42,0.07018264383077621
0_11813_3,27_575_42,-0.045407120138406754
0_12141_3,27_575_42,0.05562487244606018
0_14315_3,27_575_42,0.08422952890396118
0_15731_3,27_575_42,0.07178813964128494
0_7861_4,27_575_42,0.047503162175416946
0_8178_4,27_575_42,-0.062266137450933456
0_9057_4,27_575_42,-0.07186351716518402
0_167_5,27_575_42,0.0691441223025322
0_1157_5,27_575_42,0.027573641389608383
0_1506_5,27_575_42,-0.0357799232006073
0_1847_5,27_575_42,-0.029983866959810257
0_3019_5,27_575_42,-0.05281434208154678
0_4810_5,27_575_42,-0.04277072101831436
0_5425_5,27_575_42,-0.04106553643941879
0_6925_5,27_575_42,-0.04020887240767479
0_7718_5,27_575_42,-0.09695442765951157
0_8211_5,27_575_42,-0.06049608439207077
0_9026_5,27_575_42,0.036583106964826584
0_9395_5,27_575_42,0.11043240875005722
0_9488_5,27_575_42,0.05306220427155495
0_10576_5,27_575_42,-0.15048301219940186
0_11716_5,27_575_42,0.2371041476726532
0_14163_5,27_575_42,0.04933270066976547
0_14826_5,27_575_42,-0.09455177932977676
0_2858_6,27_575_42,-0.05480712279677391
0_4531_6,27_575_42,0.03783750161528587
0_16200_6,27_575_42,-0.10186444222927094
0_8722_7,27_575_42,-0.16605821251869202
0_4045_8,27_575_42,0.06984015554189682
0_5206_8,27_575_42,0.04634731635451317
0_5840_8,27_575_42,-0.07295554131269455
0_16342_8,27_575_42,-0.02638663724064827
0_1295_9,27_575_42,-0.5301896333694458
0_7532_10,27_575_42,-0.021262625232338905
0_9026_11,27_575_42,-0.04451911151409149
0_2458_12,27_575_42,-0.12524865567684174
0_4180_13,27_575_42,0.09480512142181396
0_6902_13,27_575_42,-0.05336593836545944
0_9039_13,27_575_42,-0.11291175335645676
0_10903_13,27_575_42,-0.07956850528717041
0_10924_13,27_575_42,0.07509966939687729
0_11349_13,27_575_42,-0.0802631676197052
0_11872_13,27_575_42,0.08585751801729202
0_15736_13,27_575_42,-0.18381857872009277
0_11375_14,27_575_42,0.13538138568401337
0_5591_15,27_575_42,-0.08179634064435959
0_8061_15,27_575_42,-0.47998112440109253
0_3820_16,27_575_42,-0.08712722361087799
0_8918_17,27_575_42,0.1753573715686798
0_15423_17,27_575_42,-0.12148058414459229
0_4736_19,27_575_42,-0.0622718520462513
0_12765_19,27_575_42,0.0715484768152237
0_4786_20,27_575_42,0.031078480184078217
0_11780_20,27_575_42,-0.1277693510055542
0_11780_22,27_575_42,-0.06864865124225616
0_8922_23,27_575_42,-0.028711559250950813
0_2458_30,27_575_42,-0.053105589002370834
0_8061_32,27_575_42,-0.5502911806106567
0_2848_35,27_575_42,-0.1640980839729309
0_4935_39,27_575_42,0.08403679728507996
0_3850_40,27_575_42,0.20188789069652557
0_4870_40,27_575_42,0.325904905796051
0_15253_40,27_575_42,-0.14392320811748505
0_6143_41,27_575_42,-0.041061922907829285
0_3298_42,27_575_42,-0.38237324357032776
0_3850_42,27_575_42,-1.1618314981460571
0_4870_42,27_575_42,-1.0572502613067627
1_5730_1,27_575_42,0.051747385412454605
1_7882_5,27_575_42,-0.06879302114248276
1_15085_8,27_575_42,0.112909235060215
1_16375_9,27_575_42,-0.1651799976825714
1_15901_11,27_575_42,0.02897326834499836
1_4686_13,27_575_42,-0.035398177802562714
1_6333_15,27_575_42,-0.23031073808670044
1_2344_17,27_575_42,0.17715968191623688
1_15085_34,27_575_42,0.11622288823127747
1_12303_41,27_575_42,0.05785369873046875
2_3629_1,27_575_42,-0.033345021307468414
2_5982_3,27_575_42,-0.08358033746480942
2_7564_5,27_575_42,-0.1655907928943634
2_13365_5,27_575_42,0.07104556262493134
2_16382_8,27_575_42,0.0812121108174324
2_14297_9,27_575_42,-0.2789348363876343
2_11770_13,27_575_42,-0.10096655040979385
2_7676_15,27_575_42,-0.48898187279701233
2_12115_15,27_575_42,0.4578147530555725
2_4035_16,27_575_42,0.21490441262722015
2_5684_17,27_575_42,-0.06077846512198448
2_12712_17,27_575_42,-0.14865465462207794
2_13756_17,27_575_42,0.12206722795963287
2_11770_31,27_575_42,0.09096551686525345
2_9457_39,27_575_42,-0.12901687622070312
2_6797_41,27_575_42,-0.05524645373225212
2_12493_41,27_575_42,-0.14568644762039185
3_16048_3,27_575_42,-0.10838454961776733
3_5276_5,27_575_42,-0.06604200601577759
3_4285_6,27_575_42,0.04846666008234024
3_14009_17,27_575_42,0.07199767231941223
3_13967_35,27_575_42,-0.15120109915733337
3_4625_41,27_575_42,-0.031585291028022766
3_11116_41,27_575_42,0.02938937209546566
3_3783_42,27_575_42,0.0929625928401947
4_4037_1,27_575_42,-0.0980340987443924
4_4322_9,27_575_42,-0.022067965939641
4_7870_9,27_575_42,0.08384976536035538
4_10_13,27_575_42,-0.023322219029068947
4_15254_13,27_575_42,0.035583704710006714
4_6087_17,27_575_42,0.14906099438667297
4_11611_17,27_575_42,0.08092277497053146
4_13515_17,27_575_42,-0.03332535922527313
4_6087_18,27_575_42,0.05937647446990013
4_7569_41,27_575_42,-0.03280523791909218
4_309_42,27_575_42,0.17757166922092438
4_10658_42,27_575_42,0.3289041519165039
5_3992_1,27_575_42,0.02680346742272377
5_14118_5,27_575_42,0.06106560677289963
5_9554_17,27_575_42,-0.09422823786735535
5_8755_41,27_575_42,-0.12289174646139145
8_8118_41,27_575_42,0.13485132157802582
9_11486_17,27_575_42,0.067518450319767
9_4420_41,27_575_42,0.02774360217154026
10_8998_17,27_575_42,0.05909557640552521
11_10348_17,27_575_42,0.03740649297833443
11_854_41,27_575_42,-0.08240213990211487
14_3771_17,27_575_42,-0.3152077794075012
14_10275_42,27_575_42,0.15838474035263062
15_10615_17,27_575_42,0.19430211186408997
15_266_41,27_575_42,-0.058676354587078094
15_4421_41,27_575_42,-0.32504141330718994
15_6910_41,27_575_42,0.0801263228058815
15_4421_42,27_575_42,-0.1953262835741043
16_10405_41,27_575_42,0.18857985734939575
17_467_17,27_575_42,0.052699968218803406
17_16042_41,27_575_42,0.19109950959682465
17_11998_42,27_575_42,0.1254768967628479
18_7550_41,27_575_42,0.04247294366359711
18_7550_42,27_575_42,0.4691084623336792
19_9067_41,27_575_42,0.19011427462100983
19_5699_42,27_575_42,0.03082652948796749
19_5773_42,27_575_42,0.07428678870201111
19_9067_42,27_575_42,0.6079854369163513
19_11872_42,27_575_42,-0.12031964957714081
20_411_42,27_575_42,0.12817716598510742
20_2348_42,27_575_42,0.2171730101108551
20_4170_42,27_575_42,0.32177698612213135
20_5469_42,27_575_42,0.13307863473892212
21_9949_41,27_575_42,0.28928980231285095
21_4520_42,27_575_42,-0.2588528096675873
21_7764_42,27_575_42,0.49679723381996155
21_9949_42,27_575_42,0.6044048070907593
21_11106_42,27_575_42,-0.2470109909772873
21_13151_42,27_575_42,-0.060966480523347855
21_15694_42,27_575_42,-0.06314145028591156
22_5607_41,27_575_42,0.02074376866221428
22_1280_42,27_575_42,-0.026265203952789307
22_5607_42,27_575_42,-1.3187763690948486
23_11462_41,27_575_42,0.3411535620689392
23_484_42,27_575_42,1.2606903314590454
23_1471_42,27_575_42,0.02924574539065361
23_5100_42,27_575_42,0.3840232789516449
23_5188_42,27_575_42,0.4458915889263153
23_6337_42,27_575_42,0.06949248909950256
23_8449_42,27_575_42,-0.1802034080028534
23_11462_42,27_575_42,0.7331928610801697
23_11645_42,27_575_42,0.2008519321680069
24_1156_42,27_575_42,0.23923203349113464
24_5999_42,27_575_42,-0.44818782806396484
24_8682_42,27_575_42,-0.2913860082626343
24_9943_42,27_575_42,0.02656250074505806
24_12160_42,27_575_42,-0.5306155681610107
24_13277_42,27_575_42,0.8441717624664307
25_127_42,27_575_42,0.13962839543819427
25_4717_42,27_575_42,0.34563085436820984
25_10168_42,27_575_42,-0.03210683912038803
25_10860_42,27_575_42,0.02381959557533264
25_12192_42,27_575_42,0.4742559492588043
25_12418_42,27_575_42,-1.1970913410186768
25_12604_42,27_575_42,-0.1051831990480423
25_14522_42,27_575_42,0.40635424852371216
25_16093_42,27_575_42,-0.06180914491415024
0_0_1,27_575_42,0.04747792333364487
0_0_3,27_575_42,-0.16381309926509857
0_0_5,27_575_42,0.08086678385734558
0_0_17,27_575_42,-0.09482195228338242
0_0_19,27_575_42,0.0796096920967102
0_0_23,27_575_42,-0.05814499035477638
0_0_24,27_575_42,0.09032335877418518
0_1_5,27_575_42,-0.06930530071258545
0_1_9,27_575_42,0.07874738425016403
0_1_23,27_575_42,0.11027368903160095
0_1_24,27_575_42,0.05407915264368057
0_2_2,27_575_42,-0.06035792827606201
0_2_3,27_575_42,0.05383850634098053
0_2_5,27_575_42,-0.07121167331933975
0_2_6,27_575_42,-0.028182365000247955
0_2_9,27_575_42,0.08421838283538818
0_2_17,27_575_42,0.12417230010032654
0_3_5,27_575_42,-0.08173228800296783
0_3_6,27_575_42,-0.20793071389198303
0_4_5,27_575_42,-0.09577713906764984
0_4_6,27_575_42,0.09059590101242065
0_4_9,27_575_42,0.25130921602249146
0_4_13,27_575_42,-0.07758037745952606
0_4_17,27_575_42,0.11495780199766159
0_4_23,27_575_42,0.07262377440929413
0_4_24,27_575_42,0.16699537634849548
0_5_6,27_575_42,-0.2649271786212921
0_5_17,27_575_42,0.10455027222633362
0_5_24,27_575_42,0.0932212620973587
0_5_41,27_575_42,-0.13626860082149506
0_6_5,27_575_42,0.030964532867074013
0_6_6,27_575_42,0.16881661117076874
0_6_9,27_575_42,0.022841790691018105
0_6_13,27_575_42,0.10814525932073593
0_6_17,27_575_42,-0.1764591485261917
0_6_20,27_575_42,0.16394957900047302
0_6_24,27_575_42,0.028727194294333458
0_6_41,27_575_42,0.12685228884220123
0_7_5,27_575_42,-0.1895190328359604
0_7_6,27_575_42,-0.09481094777584076
0_7_24,27_575_42,0.09477347880601883
0_7_42,27_575_42,-0.154800683259964
0_8_41,27_575_42,0.106381855905056
0_9_13,27_575_42,-0.16249649226665497
0_9_17,27_575_42,-0.1253461241722107
0_9_30,27_575_42,0.13689827919006348
0_10_17,27_575_42,-0.14370045065879822
0_10_41,27_575_42,0.08201000094413757
0_11_17,27_575_42,-0.15838409960269928
0_11_41,27_575_42,-0.08884670585393906
0_11_42,27_575_42,-0.16966752707958221
0_12_17,27_575_42,-0.18015100061893463
0_12_41,27_575_42,0.04965389147400856
0_12_42,27_575_42,-0.17176397144794464
0_13_40,27_575_42,0.18624462187290192
0_13_41,27_575_42,0.3513801097869873
0_13_42,27_575_42,0.658679723739624
0_14_17,27_575_42,0.2790338397026062
0_14_41,27_575_42,0.20043791830539703
0_14_42,27_575_42,0.28079673647880554
0_15_17,27_575_42,0.4031282961368561
0_15_41,27_575_42,0.1936364769935608
0_16_17,27_575_42,-0.36318889260292053
0_16_41,27_575_42,0.17851662635803223
0_16_42,27_575_42,-0.0722523033618927
0_17_41,27_575_42,0.3140142858028412
0_17_42,27_575_42,-0.04108754172921181
0_18_41,27_575_42,0.10423146933317184
0_18_42,27_575_42,0.9167516827583313
0_19_39,27_575_42,0.1728120744228363
0_19_41,27_575_42,0.24410207569599152
0_19_42,27_575_42,0.5352490544319153
0_20_41,27_575_42,0.6602562665939331
0_20_42,27_575_42,1.2794148921966553
0_22_41,27_575_42,0.28884926438331604
0_22_42,27_575_42,2.12739896774292
0_23_42,27_575_42,0.6190731525421143
0_24_42,27_575_42,-0.8072508573532104
0_25_42,27_575_42,-2.3435118198394775
E_2_0,27_575_42,4.77536153793335
E_5958_1,27_575_42,-0.5325223207473755
E_24176_2,27_575_42,0.204707533121109
E_3407_3,27_575_42,0.39689162373542786
E_736_4,27_575_42,-0.16924533247947693
E_13060_5,27_575_42,0.5553829669952393
E_235292_6,27_575_42,0.2208101451396942
E_714_7,27_575_42,-0.10059204697608948
E_3413_8,27_575_42,-0.06806594878435135
E_1570_9,27_575_42,1.7599471807479858
E_117335_10,27_575_42,0.06015559658408165
E_124840_11,27_575_42,0.22563788294792175
E_729_12,27_575_42,0.14440110325813293
E_7565_13,27_575_42,0.2744888663291931
E_603_14,27_575_42,-0.48313337564468384
E_575_15,27_575_42,4.208242416381836
E_573_16,27_575_42,0.23068293929100037
E_3170_17,27_575_42,-0.1577204465866089
E_576_18,27_575_42,0.028429068624973297
E_235286_19,27_575_42,-0.12754642963409424
E_235254_20,27_575_42,-0.14686864614486694
E_235286_21,27_575_42,-0.050475385040044785
E_235254_22,27_575_42,-0.07644844800233841
E_1261_23,27_575_42,-0.11732158064842224
E_12535_24,27_575_42,-0.39515751600265503
E_235254_27,27_575_42,0.13742315769195557
E_202194_28,27_575_42,0.10798273235559464
E_124840_29,27_575_42,-0.12887543439865112
E_729_30,27_575_42,0.5079851150512695
E_7565_31,27_575_42,0.34175512194633484
E_575_32,27_575_42,1.1435667276382446
E_573_33,27_575_42,0.6094410419464111
E_3413_34,27_575_42,-0.24139943718910217
E_576_35,27_575_42,1.0121591091156006
E_235286_36,27_575_42,0.22173592448234558
E_235254_37,27_575_42,0.2343682050704956
E_11695_39,27_575_42,-0.030011586844921112
E_235269_40,27_575_42,-2.9537150859832764
E_6092_41,27_575_42,-0.3193610608577728
E_235269_42,27_575_42,8.536377906799316
0_1903_1,27_3520_42,-0.1035982295870781
0_2455_1,27_3520_42,0.029050525277853012
0_6959_1,27_3520_42,-0.0681285411119461
0_10178_1,27_3520_42,-0.05352805182337761
0_10317_1,27_3520_42,0.029481548815965652
0_1178_2,27_3520_42,0.04262768477201462
0_4805_2,27_3520_42,0.041775643825531006
0_7000_2,27_3520_42,0.04500257968902588
0_9189_2,27_3520_42,0.10950037837028503
0_9813_2,27_3520_42,-0.12497733533382416
0_10422_2,27_3520_42,0.07453945279121399
0_10425_2,27_3520_42,-0.06127284839749336
0_12572_2,27_3520_42,0.05221039429306984
0_14983_2,27_3520_42,-0.07099360972642899
0_377_3,27_3520_42,-0.05282263830304146
0_973_3,27_3520_42,0.04916862025856972
0_1117_3,27_3520_42,0.13363057374954224
0_2202_3,27_3520_42,0.11141633242368698
0_2799_3,27_3520_42,-0.18004745244979858
0_4337_3,27_3520_42,0.08966384083032608
0_8697_3,27_3520_42,-0.05462278425693512
0_9868_3,27_3520_42,-0.036566637456417084
0_11427_3,27_3520_42,-0.0749632716178894
0_13208_3,27_3520_42,0.08865686506032944
0_14315_3,27_3520_42,0.11266129463911057
0_14356_3,27_3520_42,-0.03214491903781891
0_7861_4,27_3520_42,-0.04424739256501198
0_8178_4,27_3520_42,0.05888541042804718
0_9057_4,27_3520_42,0.051887694746255875
0_167_5,27_3520_42,-0.031203527003526688
0_1157_5,27_3520_42,-0.04564621299505234
0_1506_5,27_3520_42,-0.13166017830371857
0_1847_5,27_3520_42,-0.047384459525346756
0_3019_5,27_3520_42,0.030360272154211998
0_4505_5,27_3520_42,0.15268857777118683
0_4810_5,27_3520_42,0.03235475718975067
0_5425_5,27_3520_42,-0.08238770067691803
0_6925_5,27_3520_42,-0.06496556848287582
0_7108_5,27_3520_42,-0.15211687982082367
0_7718_5,27_3520_42,0.07798424363136292
0_8211_5,27_3520_42,0.0821257010102272
0_9395_5,27_3520_42,0.031054170802235603
0_9488_5,27_3520_42,0.15673092007637024
0_10576_5,27_3520_42,0.06711344420909882
0_11716_5,27_3520_42,-0.03128727898001671
0_14163_5,27_3520_42,-0.06702786684036255
0_14826_5,27_3520_42,-0.09891617298126221
0_16029_5,27_3520_42,-0.03399080038070679
0_16200_6,27_3520_42,-0.05358247831463814
0_8722_7,27_3520_42,-0.06777390837669373
0_71_8,27_3520_42,0.05815742164850235
0_4045_8,27_3520_42,0.04406438395380974
0_5206_8,27_3520_42,-0.0518321730196476
0_5840_8,27_3520_42,-0.09838072955608368
0_7437_8,27_3520_42,0.06927365064620972
0_9651_8,27_3520_42,-0.05095892399549484
0_1295_9,27_3520_42,0.04550117254257202
0_7532_10,27_3520_42,0.09450212121009827
0_9026_11,27_3520_42,0.03001687303185463
0_4180_13,27_3520_42,0.05596477910876274
0_6902_13,27_3520_42,-0.043210502713918686
0_9039_13,27_3520_42,0.10910356044769287
0_10903_13,27_3520_42,-0.09482507407665253
0_11349_13,27_3520_42,-0.06201861798763275
0_15736_13,27_3520_42,-0.054692868143320084
0_11375_14,27_3520_42,0.08033627271652222
0_5591_15,27_3520_42,-0.05793054401874542
0_15423_17,27_3520_42,-0.07230375707149506
0_2848_18,27_3520_42,-0.10921230912208557
0_4736_19,27_3520_42,-0.07646902650594711
0_12765_19,27_3520_42,-0.10089127719402313
0_4786_20,27_3520_42,-0.05490060895681381
0_11780_20,27_3520_42,0.02959846332669258
0_11780_22,27_3520_42,0.0891549289226532
0_8922_23,27_3520_42,-0.08802930265665054
0_2458_30,27_3520_42,0.07214054465293884
0_2848_35,27_3520_42,-0.1175113171339035
0_4935_39,27_3520_42,0.16354334354400635
0_3850_40,27_3520_42,0.0916176587343216
0_4870_40,27_3520_42,0.20506317913532257
0_15253_40,27_3520_42,-0.05474841594696045
0_6143_41,27_3520_42,0.08253539353609085
0_3298_42,27_3520_42,-0.05699238181114197
0_3850_42,27_3520_42,-0.512056827545166
0_4870_42,27_3520_42,-0.11427446454763412
1_5730_1,27_3520_42,0.09149949997663498
1_10117_5,27_3520_42,-0.07830299437046051
1_15085_8,27_3520_42,0.0730893611907959
1_15499_9,27_3520_42,-0.1327197402715683
1_16375_9,27_3520_42,0.09619058668613434
1_15901_11,27_3520_42,0.12118566781282425
1_4686_13,27_3520_42,0.1528286635875702
1_2344_17,27_3520_42,-0.17253848910331726
1_11039_17,27_3520_42,-0.15624892711639404
1_15085_34,27_3520_42,0.05689380317926407
1_12303_41,27_3520_42,-0.08391678333282471
2_1847_3,27_3520_42,0.15263672173023224
2_5982_3,27_3520_42,-0.0510454997420311
2_7564_5,27_3520_42,-0.06103149801492691
2_309_8,27_3520_42,-0.07455170154571533
2_16382_8,27_3520_42,0.17276151478290558
2_14297_9,27_3520_42,-0.15710806846618652
2_11770_13,27_3520_42,0.04035811498761177
2_5684_17,27_3520_42,0.13757699728012085
2_12712_17,27_3520_42,0.04411942884325981
2_13756_17,27_3520_42,0.11349377781152725
2_11770_31,27_3520_42,0.05194275081157684
2_6797_41,27_3520_42,-0.08919554948806763
2_12493_41,27_3520_42,0.07986623793840408
3_16048_3,27_3520_42,0.09736704081296921
3_2950_5,27_3520_42,-0.14871016144752502
3_5276_5,27_3520_42,0.1447686403989792
3_430_6,27_3520_42,-0.07531219720840454
3_14009_17,27_3520_42,-0.1392817497253418
3_13967_35,27_3520_42,0.12829674780368805
3_4625_41,27_3520_42,-0.16612502932548523
3_11116_41,27_3520_42,0.1420862227678299
3_3783_42,27_3520_42,0.22829413414001465
4_10373_5,27_3520_42,-0.1115935891866684
4_4322_9,27_3520_42,0.09618137776851654
4_7870_9,27_3520_42,0.09162738174200058
4_8047_9,27_3520_42,0.15491914749145508
4_10_13,27_3520_42,-0.06486380845308304
4_15254_13,27_3520_42,-0.08356896042823792
4_6087_17,27_3520_42,0.4015238881111145
4_11611_17,27_3520_42,0.2236502766609192
4_13515_17,27_3520_42,-0.14954419434070587
4_6087_18,27_3520_42,0.16003820300102234
4_7569_41,27_3520_42,0.11097952723503113
5_3992_1,27_3520_42,0.040583014488220215
5_14118_5,27_3520_42,0.09763661026954651
5_9554_17,27_3520_42,-0.10974612832069397
6_1816_41,27_3520_42,0.16841809451580048
8_8118_41,27_3520_42,0.030763281509280205
9_11486_17,27_3520_42,0.24996712803840637
9_4420_41,27_3520_42,0.15425902605056763
10_8998_17,27_3520_42,0.15392948687076569
10_151_41,27_3520_42,0.12110161781311035
11_10348_17,27_3520_42,0.312100887298584
11_854_41,27_3520_42,0.2562994956970215
14_2792_41,27_3520_42,0.14777521789073944
14_10275_42,27_3520_42,0.053372129797935486
15_10615_17,27_3520_42,0.36247795820236206
15_266_41,27_3520_42,0.2736821472644806
15_4421_41,27_3520_42,0.6665862798690796
15_6910_41,27_3520_42,0.11333034932613373
15_4421_42,27_3520_42,0.2518656849861145
16_10405_41,27_3520_42,0.21401146054267883
17_467_17,27_3520_42,0.2911040782928467
17_16042_41,27_3520_42,0.13130798935890198
17_11998_42,27_3520_42,0.43600529432296753
18_7550_41,27_3520_42,1.7932782173156738
18_7550_42,27_3520_42,5.260146617889404
19_349_41,27_3520_42,0.502507746219635
19_9067_41,27_3520_42,0.3087410628795624
19_349_42,27_3520_42,1.2619096040725708
19_5699_42,27_3520_42,0.2809508442878723
19_5773_42,27_3520_42,1.1748963594436646
19_9067_42,27_3520_42,0.6177456974983215
19_10826_42,27_3520_42,-0.31930822134017944
19_11872_42,27_3520_42,-0.4422444999217987
20_2348_41,27_3520_42,0.5202667117118835
20_411_42,27_3520_42,-0.8011002540588379
20_2348_42,27_3520_42,1.4048635959625244
20_4170_42,27_3520_42,0.657295286655426
20_5469_42,27_3520_42,-0.06977944821119308
20_15360_42,27_3520_42,0.4364510774612427
21_9949_41,27_3520_42,-0.03759578987956047
21_4520_42,27_3520_42,0.10929597914218903
21_7764_42,27_3520_42,0.8952643275260925
21_11106_42,27_3520_42,-0.033326033502817154
21_13151_42,27_3520_42,0.5681090354919434
21_15694_42,27_3520_42,0.18833093345165253
22_5607_41,27_3520_42,0.4436482787132263
22_1280_42,27_3520_42,-0.5608169436454773
22_5607_42,27_3520_42,4.819696426391602
23_11462_41,27_3520_42,-0.03260622173547745
23_11645_41,27_3520_42,-0.2520079016685486
23_484_42,27_3520_42,0.06059766560792923
23_1471_42,27_3520_42,0.44090551137924194
23_5100_42,27_3520_42,0.18568730354309082
23_5188_42,27_3520_42,0.16000503301620483
23_6337_42,27_3520_42,-0.4409109055995941
23_8449_42,27_3520_42,-0.11799447983503342
23_11462_42,27_3520_42,-0.1016225814819336
23_11645_42,27_3520_42,-3.7666115760803223
24_1156_42,27_3520_42,-0.27162542939186096
24_5999_42,27_3520_42,0.02894510328769684
24_8682_42,27_3520_42,0.137592613697052
24_9943_42,27_3520_42,-0.7580811381340027
24_13277_42,27_3520_42,0.7500542998313904
25_127_42,27_3520_42,-1.8868424892425537
25_4717_42,27_3520_42,0.4358835816383362
25_10168_42,27_3520_42,0.416546493768692
25_10860_42,27_3520_42,-0.5934717655181885
25_12192_42,27_3520_42,0.2171739935874939
25_12418_42,27_3520_42,0.040405288338661194
25_12604_42,27_3520_42,0.051669634878635406
25_14522_42,27_3520_42,0.15567253530025482
25_16093_42,27_3520_42,-0.3261083960533142
0_0_1,27_3520_42,-0.10173600167036057
0_0_2,27_3520_42,0.15567441284656525
0_0_5,27_3520_42,0.13248714804649353
0_0_6,27_3520_42,-0.0649479553103447
0_0_8,27_3520_42,-0.06601118296384811
0_0_9,27_3520_42,0.16291654109954834
0_0_11,27_3520_42,0.037742745131254196
0_0_17,27_3520_42,-0.065745510160923
0_0_19,27_3520_42,0.035460930317640305
0_0_23,27_3520_42,-0.0382915735244751
0_0_24,27_3520_42,0.11327563226222992
0_1_2,27_3520_42,-0.0824565440416336
0_1_5,27_3520_42,0.10877372324466705
0_1_9,27_3520_42,-0.06457597762346268
0_1_17,27_3520_42,-0.08042638003826141
0_1_24,27_3520_42,0.11429600417613983
0_2_2,27_3520_42,-0.14298199117183685
0_2_3,27_3520_42,0.03335856273770332
0_2_5,27_3520_42,-0.08155004680156708
0_2_6,27_3520_42,0.08529375493526459
0_2_9,27_3520_42,-0.042538538575172424
0_2_11,27_3520_42,0.2065032422542572
0_2_17,27_3520_42,0.07245148718357086
0_3_5,27_3520_42,-0.2535293400287628
0_3_6,27_3520_42,-0.042963720858097076
0_3_9,27_3520_42,0.08167324960231781
0_3_24,27_3520_42,0.17038656771183014
0_4_5,27_3520_42,0.5041908025741577
0_4_6,27_3520_42,0.08210212737321854
0_4_9,27_3520_42,0.46738845109939575
0_4_17,27_3520_42,0.13750094175338745
0_4_23,27_3520_42,0.09800753742456436
0_4_24,27_3520_42,0.10778960585594177
0_5_6,27_3520_42,0.12091018259525299
0_5_17,27_3520_42,-0.14191338419914246
0_5_24,27_3520_42,-0.035243257880210876
0_5_41,27_3520_42,0.03957468271255493
0_6_5,27_3520_42,-0.03357360512018204
0_6_6,27_3520_42,-0.10017469525337219
0_6_9,27_3520_42,-0.15524345636367798
0_6_13,27_3520_42,-0.2637844979763031
0_6_17,27_3520_42,-0.3177042603492737
0_6_24,27_3520_42,0.13570237159729004
0_6_41,27_3520_42,0.2259482741355896
0_7_5,27_3520_42,0.14103366434574127
0_7_6,27_3520_42,0.12197111546993256
0_7_24,27_3520_42,-0.1393180936574936
0_8_41,27_3520_42,0.17490975558757782
0_9_13,27_3520_42,0.056150171905756
0_9_17,27_3520_42,0.18528339266777039
0_9_30,27_3520_42,0.0378432460129261
0_10_17,27_3520_42,0.24834372103214264
0_10_41,27_3520_42,0.27235159277915955
0_11_17,27_3520_42,-0.17968088388442993
0_11_41,27_3520_42,0.14186277985572815
0_11_42,27_3520_42,0.15941858291625977
0_12_17,27_3520_42,-0.2154798060655594
0_12_41,27_3520_42,0.10056296736001968
0_12_42,27_3520_42,-0.26615166664123535
0_13_41,27_3520_42,0.0821174830198288
0_13_42,27_3520_42,0.05935137718915939
0_14_17,27_3520_42,-0.028543543070554733
0_14_41,27_3520_42,0.09197045862674713
0_14_42,27_3520_42,-0.24282194674015045
0_15_17,27_3520_42,-0.03989464044570923
0_15_41,27_3520_42,0.15333932638168335
0_15_42,27_3520_42,0.06880155205726624
0_16_17,27_3520_42,-0.10642627626657486
0_16_41,27_3520_42,-0.29681044816970825
0_16_42,27_3520_42,-0.27933016419410706
0_17_41,27_3520_42,-0.36401647329330444
0_17_42,27_3520_42,0.04656490683555603
0_18_41,27_3520_42,0.3324492573738098
0_18_42,27_3520_42,0.29255402088165283
0_19_39,27_3520_42,0.06791689991950989
0_19_41,27_3520_42,-0.15982404351234436
0_19_42,27_3520_42,0.046182163059711456
0_20_41,27_3520_42,-0.5413658618927002
0_20_42,27_3520_42,-2.536562442779541
0_21_42,27_3520_42,1.2225761413574219
0_22_42,27_3520_42,-0.6558929681777954
0_23_42,27_3520_42,0.6909601092338562
0_24_42,27_3520_42,0.11293651908636093
0_25_42,27_3520_42,0.1273578703403473
E_2_0,27_3520_42,0.2950513958930969
E_5958_1,27_3520_42,0.8013432025909424
E_24176_2,27_3520_42,0.08731713145971298
E_3407_3,27_3520_42,-0.6711869835853577
E_736_4,27_3520_42,-0.04688923433423042
E_13060_5,27_3520_42,-0.3548855185508728
E_235292_6,27_3520_42,-0.1583559811115265
E_714_7,27_3520_42,0.07786177843809128
E_3413_8,27_3520_42,0.13243092596530914
E_1570_9,27_3520_42,0.30814477801322937
E_117335_10,27_3520_42,0.12897644937038422
E_124840_11,27_3520_42,0.4086841940879822
E_729_12,27_3520_42,-0.267869234085083
E_7565_13,27_3520_42,0.45055121183395386
E_603_14,27_3520_42,-0.2692595422267914
E_575_15,27_3520_42,-0.10406525433063507
E_3170_17,27_3520_42,2.0765373706817627
E_576_18,27_3520_42,0.41223686933517456
E_235286_19,27_3520_42,0.05777271091938019
E_235254_20,27_3520_42,0.10243295878171921
E_235286_21,27_3520_42,-0.06097926199436188
E_235254_22,27_3520_42,0.06403845548629761
E_1261_23,27_3520_42,0.07785537838935852
E_12535_24,27_3520_42,0.18233951926231384
E_235254_25,27_3520_42,-0.08272367715835571
E_235286_26,27_3520_42,-0.1482950747013092
E_235254_27,27_3520_42,-0.0823545753955841
E_124840_29,27_3520_42,0.20555593073368073
E_729_30,27_3520_42,-0.4531301259994507
E_7565_31,27_3520_42,0.34062132239341736
E_575_32,27_3520_42,0.12202878296375275
E_573_33,27_3520_42,-0.07958251982927322
E_3413_34,27_3520_42,-0.028317388147115707
E_576_35,27_3520_42,0.3187684118747711
E_235286_36,27_3520_42,0.06866256892681122
E_235254_37,27_3520_42,-0.08034557849168777
E_9713_38,27_3520_42,0.02830846607685089
E_11695_39,27_3520_42,-0.051641229540109634
E_235269_40,27_3520_42,-0.8530937433242798
E_6092_41,27_3520_42,1.668225884437561
E_235269_42,27_3520_42,1.6520514488220215
0_1903_1,27_7253_42,-0.07978334277868271
0_6959_1,27_7253_42,0.062254324555397034
0_4805_2,27_7253_42,0.0710061639547348
0_9189_2,27_7253_42,0.12146422266960144
0_9813_2,27_7253_42,-0.1227402612566948
0_1117_3,27_7253_42,0.1382322609424591
0_2799_3,27_7253_42,-0.07888785749673843
0_4337_3,27_7253_42,0.07820533215999603
0_5963_3,27_7253_42,0.09484778344631195
0_8697_3,27_7253_42,-0.05190034583210945
0_9063_3,27_7253_42,0.09925487637519836
0_14356_3,27_7253_42,-0.0572311133146286
0_8178_4,27_7253_42,0.057345323264598846
0_9057_4,27_7253_42,0.059366822242736816
0_15252_4,27_7253_42,0.08252054452896118
0_167_5,27_7253_42,-0.055601831525564194
0_1157_5,27_7253_42,0.055025458335876465
0_1506_5,27_7253_42,-0.10312316566705704
0_4505_5,27_7253_42,0.10609059780836105
0_4810_5,27_7253_42,-0.08135367929935455
0_7108_5,27_7253_42,-0.06687517464160919
0_7718_5,27_7253_42,0.21348971128463745
0_9026_5,27_7253_42,0.09697676450014114
0_9395_5,27_7253_42,-0.08481725305318832
0_9488_5,27_7253_42,0.23133859038352966
0_10576_5,27_7253_42,-0.13305233418941498
0_14826_5,27_7253_42,-0.11920516937971115
0_16029_5,27_7253_42,-0.07577633857727051
0_16200_6,27_7253_42,-0.12677457928657532
0_71_8,27_7253_42,-0.0857958272099495
0_5206_8,27_7253_42,-0.0725075975060463
0_5840_8,27_7253_42,-0.054398100823163986
0_7437_8,27_7253_42,0.07447060942649841
0_1295_9,27_7253_42,0.30604487657546997
0_7532_10,27_7253_42,0.05243847891688347
0_15736_13,27_7253_42,-0.1428891271352768
0_5591_15,27_7253_42,-0.079648956656456
0_8061_15,27_7253_42,-0.05647222325205803
0_3820_16,27_7253_42,0.08804373443126678
0_8918_17,27_7253_42,0.1833551973104477
0_2458_30,27_7253_42,0.11653204262256622
0_4935_39,27_7253_42,0.07915210723876953
0_6143_41,27_7253_42,0.12864547967910767
0_3850_42,27_7253_42,-0.5118011832237244
1_15542_3,27_7253_42,0.13796275854110718
1_7882_5,27_7253_42,0.052788421511650085
1_15085_8,27_7253_42,0.11873426288366318
1_15499_9,27_7253_42,-0.04938440024852753
1_15901_11,27_7253_42,0.07648915797472
1_2344_17,27_7253_42,-0.24407990276813507
1_11039_17,27_7253_42,-0.09811730682849884
1_15085_34,27_7253_42,0.08692681044340134
1_12303_41,27_7253_42,-0.14906731247901917
2_3629_1,27_7253_42,0.13154830038547516
2_7564_5,27_7253_42,-0.10656274855136871
2_13365_5,27_7253_42,0.06809841841459274
2_309_8,27_7253_42,-0.15519225597381592
2_16382_8,27_7253_42,0.0646684393286705
2_14297_9,27_7253_42,0.08020058274269104
2_11770_13,27_7253_42,0.06501583009958267
2_7676_15,27_7253_42,0.06043103709816933
2_4035_16,27_7253_42,-0.054380711168050766
2_5684_17,27_7253_42,0.17267195880413055
2_12712_17,27_7253_42,0.06637731194496155
2_13756_17,27_7253_42,0.07630112767219543
2_11770_31,27_7253_42,-0.08524304628372192
2_6797_41,27_7253_42,-0.07792408764362335
2_12493_41,27_7253_42,0.2334863841533661
3_430_6,27_7253_42,-0.08909687399864197
3_14009_17,27_7253_42,-0.15673233568668365
3_13967_35,27_7253_42,0.07268764823675156
3_4625_41,27_7253_42,-0.23697425425052643
3_11116_41,27_7253_42,0.2944149971008301
3_3783_42,27_7253_42,0.3180103898048401
4_4037_1,27_7253_42,-0.07455594092607498
4_7870_9,27_7253_42,0.07887507975101471
4_8047_9,27_7253_42,0.11899014562368393
4_15254_13,27_7253_42,-0.18157999217510223
4_6087_17,27_7253_42,0.4734362065792084
4_11611_17,27_7253_42,0.19354145228862762
4_13515_17,27_7253_42,-0.12878607213497162
4_6087_18,27_7253_42,0.2079756259918213
4_7569_41,27_7253_42,0.30131402611732483
4_309_42,27_7253_42,0.051475536078214645
5_14118_5,27_7253_42,-0.05955170467495918
5_9554_17,27_7253_42,-0.2204963117837906
5_8755_41,27_7253_42,0.13580955564975739
6_1816_41,27_7253_42,0.2736177146434784
8_8118_41,27_7253_42,0.17005129158496857
9_11486_17,27_7253_42,0.21699585020542145
9_4420_41,27_7253_42,0.2816312313079834
10_8998_17,27_7253_42,0.23664359748363495
10_151_41,27_7253_42,0.2671772241592407
11_10348_17,27_7253_42,0.3801949918270111
11_854_41,27_7253_42,0.28982892632484436
14_2792_41,27_7253_42,0.3070131242275238
14_10275_42,27_7253_42,0.10893318057060242
15_10615_17,27_7253_42,0.5186143517494202
15_266_41,27_7253_42,0.31072887778282166
15_4421_41,27_7253_42,0.5934641361236572
15_6910_41,27_7253_42,0.45774945616722107
15_4421_42,27_7253_42,0.2327454388141632
16_10405_41,27_7253_42,0.28996655344963074
17_467_17,27_7253_42,0.3541651964187622
17_16042_41,27_7253_42,0.1492602825164795
17_11998_42,27_7253_42,0.41361916065216064
18_7550_41,27_7253_42,2.704967975616455
18_7550_42,27_7253_42,6.8585638999938965
19_349_41,27_7253_42,0.9243793487548828
19_9067_41,27_7253_42,0.5986382961273193
19_349_42,27_7253_42,1.8794161081314087
19_5699_42,27_7253_42,0.27905869483947754
19_5773_42,27_7253_42,0.676170289516449
19_9067_42,27_7253_42,1.2159888744354248
19_10826_42,27_7253_42,-0.5426998734474182
19_11872_42,27_7253_42,-0.4939146637916565
20_2348_41,27_7253_42,0.9815223217010498
20_411_42,27_7253_42,-0.35796046257019043
20_2348_42,27_7253_42,2.789177656173706
20_4170_42,27_7253_42,0.4693760871887207
20_5469_42,27_7253_42,0.17023545503616333
20_15360_42,27_7253_42,0.6334162354469299
21_4520_42,27_7253_42,0.21965323388576508
21_7764_42,27_7253_42,1.2431635856628418
21_9949_42,27_7253_42,0.09422516077756882
21_13151_42,27_7253_42,0.3402969241142273
21_15694_42,27_7253_42,0.17694202065467834
22_5607_41,27_7253_42,0.33419716358184814
22_1280_42,27_7253_42,-0.7904603481292725
22_5607_42,27_7253_42,2.869847297668457
23_11645_41,27_7253_42,-0.39177247881889343
23_484_42,27_7253_42,0.125138059258461
23_1471_42,27_7253_42,0.3334939181804657
23_5100_42,27_7253_42,0.1598735749721527
23_5188_42,27_7253_42,0.21587862074375153
23_6337_42,27_7253_42,-0.06377896666526794
23_8449_42,27_7253_42,-0.11874797940254211
23_11462_42,27_7253_42,-0.0700867548584938
23_11645_42,27_7253_42,-5.3718085289001465
24_1156_42,27_7253_42,-0.055753543972969055
24_5999_42,27_7253_42,0.411662757396698
24_8682_42,27_7253_42,-0.29965177178382874
24_9943_42,27_7253_42,-1.6034057140350342
24_13277_42,27_7253_42,0.7435899376869202
25_127_42,27_7253_42,-2.3218698501586914
25_4717_42,27_7253_42,0.5269970297813416
25_10168_42,27_7253_42,-0.0857848972082138
25_10860_42,27_7253_42,-0.2534322738647461
25_12192_42,27_7253_42,0.062350496649742126
25_14522_42,27_7253_42,0.07449197769165039
25_16093_42,27_7253_42,0.1674017608165741
0_0_1,27_7253_42,0.1150648295879364
0_0_2,27_7253_42,0.1617339700460434
0_0_3,27_7253_42,0.15212160348892212
0_0_5,27_7253_42,-0.14598394930362701
0_0_8,27_7253_42,0.11381541937589645
0_0_9,27_7253_42,0.06152614206075668
0_0_17,27_7253_42,-0.0771758109331131
0_0_19,27_7253_42,0.15797913074493408
0_1_2,27_7253_42,-0.0869772806763649
0_1_5,27_7253_42,0.15870733559131622
0_1_9,27_7253_42,-0.0771384984254837
0_2_5,27_7253_42,-0.0661299079656601
0_2_9,27_7253_42,-0.06877229362726212
0_2_11,27_7253_42,0.059489041566848755
0_2_17,27_7253_42,0.13998828828334808
0_3_6,27_7253_42,-0.06326207518577576
0_3_24,27_7253_42,0.14584118127822876
0_4_6,27_7253_42,-0.11796773225069046
0_4_9,27_7253_42,0.3200717270374298
0_4_23,27_7253_42,-0.10872078686952591
0_5_17,27_7253_42,-0.20096029341220856
0_5_24,27_7253_42,0.06897693872451782
0_5_41,27_7253_42,0.13565754890441895
0_6_5,27_7253_42,-0.13409128785133362
0_6_6,27_7253_42,-0.2250644415616989
0_6_9,27_7253_42,-0.15568779408931732
0_6_13,27_7253_42,-0.14423337578773499
0_6_17,27_7253_42,-0.3285635709762573
0_6_20,27_7253_42,0.17605166137218475
0_6_41,27_7253_42,0.20963267982006073
0_7_5,27_7253_42,0.18632259964942932
0_7_6,27_7253_42,0.1627509742975235
0_7_42,27_7253_42,-0.1196194738149643
0_8_41,27_7253_42,0.1614028513431549
0_9_13,27_7253_42,0.1889052838087082
0_9_17,27_7253_42,-0.11761938780546188
0_9_30,27_7253_42,0.11845872551202774
0_10_17,27_7253_42,0.24005082249641418
0_10_41,27_7253_42,0.3394449055194855
0_11_42,27_7253_42,-0.08987512439489365
0_12_17,27_7253_42,-0.3425355851650238
0_12_41,27_7253_42,0.1640501320362091
0_12_42,27_7253_42,-0.3695266842842102
0_13_41,27_7253_42,0.15867848694324493
0_13_42,27_7253_42,0.3104431927204132
0_14_17,27_7253_42,0.08703617006540298
0_14_41,27_7253_42,-0.2233746349811554
0_15_17,27_7253_42,-0.3741297721862793
0_15_41,27_7253_42,0.6219293475151062
0_15_42,27_7253_42,0.5978882312774658
0_16_41,27_7253_42,0.10213864594697952
0_16_42,27_7253_42,-0.17406438291072845
0_17_41,27_7253_42,-0.17560209333896637
0_17_42,27_7253_42,0.3521678149700165
0_18_41,27_7253_42,0.21223784983158112
0_18_42,27_7253_42,0.084725022315979
0_19_39,27_7253_42,0.1106908842921257
0_19_41,27_7253_42,-0.2957429587841034
0_19_42,27_7253_42,-0.5369917750358582
0_20_41,27_7253_42,-0.836499810218811
0_20_42,27_7253_42,-2.967958688735962
0_22_41,27_7253_42,-0.05629529058933258
0_22_42,27_7253_42,-1.0670974254608154
0_23_42,27_7253_42,-0.27295982837677
0_24_42,27_7253_42,0.1606070101261139
0_25_42,27_7253_42,-0.9508678913116455
E_2_0,27_7253_42,1.24960196018219
E_5958_1,27_7253_42,0.10152827948331833
E_24176_2,27_7253_42,0.3715895116329193
E_3407_3,27_7253_42,0.2572315037250519
E_736_4,27_7253_42,-0.6293802261352539
E_13060_5,27_7253_42,0.3220387399196625
E_714_7,27_7253_42,-0.2558014392852783
E_3413_8,27_7253_42,-0.07779037952423096
E_1570_9,27_7253_42,-0.2736360430717468
E_117335_10,27_7253_42,0.27362117171287537
E_124840_11,27_7253_42,0.28015363216400146
E_729_12,27_7253_42,-0.05766421556472778
E_7565_13,27_7253_42,0.40196692943573
E_603_14,27_7253_42,0.07397908717393875
E_575_15,27_7253_42,-0.11909359693527222
E_573_16,27_7253_42,-0.17891688644886017
E_3170_17,27_7253_42,2.200571060180664
E_576_18,27_7253_42,0.11224668473005295
E_235286_19,27_7253_42,0.16326120495796204
E_235254_22,27_7253_42,-0.05485421419143677
E_1261_23,27_7253_42,0.29383158683776855
E_12535_24,27_7253_42,0.11393599212169647
E_202194_28,27_7253_42,0.20994853973388672
E_124840_29,27_7253_42,0.259682297706604
E_729_30,27_7253_42,-0.3547682464122772
E_7565_31,27_7253_42,0.4256593883037567
E_575_32,27_7253_42,0.1822151094675064
E_11695_39,27_7253_42,0.47252416610717773
E_235269_40,27_7253_42,-0.4299885034561157
E_6092_41,27_7253_42,3.1416988372802734
E_235269_42,27_7253_42,1.925236701965332
0_6959_1,27_948_42,-0.1841442584991455
0_9189_2,27_948_42,-0.408969521522522
0_12572_2,27_948_42,0.24422217905521393
0_2202_3,27_948_42,0.17352016270160675
0_2983_3,27_948_42,-0.16815660893917084
0_14315_3,27_948_42,0.19318297505378723
0_15252_4,27_948_42,0.3313780426979065
0_4810_5,27_948_42,0.1944013237953186
0_9026_5,27_948_42,-0.1814257651567459
0_10576_5,27_948_42,-0.3813304901123047
0_11716_5,27_948_42,0.1725541055202484
0_16200_6,27_948_42,0.21672457456588745
0_4045_8,27_948_42,0.21166802942752838
0_16342_8,27_948_42,-0.21807323396205902
0_1295_9,27_948_42,-0.46855631470680237
0_11375_14,27_948_42,-0.21371258795261383
0_2848_35,27_948_42,-0.20492999255657196
0_3298_42,27_948_42,-0.19623231887817383
0_3850_42,27_948_42,-0.344917356967926
0_4870_42,27_948_42,-0.37512442469596863
1_10117_5,27_948_42,0.17679983377456665
2_13365_5,27_948_42,0.2332616150379181
2_11770_31,27_948_42,0.22893081605434418
3_11116_41,27_948_42,0.1840754747390747
4_10373_5,27_948_42,0.31073325872421265
4_10_13,27_948_42,-0.1717337965965271
4_7569_41,27_948_42,0.32136744260787964
4_309_42,27_948_42,0.19024083018302917
4_10658_42,27_948_42,0.26652792096138
5_14118_5,27_948_42,-0.2090044766664505
15_4421_42,27_948_42,-0.15782469511032104
16_10405_41,27_948_42,0.21402369439601898
18_7550_41,27_948_42,-0.1564066857099533
19_349_42,27_948_42,0.2295074462890625
19_9067_42,27_948_42,0.15780752897262573
20_411_42,27_948_42,0.3346364498138428
20_5469_42,27_948_42,0.5677217841148376
22_5607_42,27_948_42,-0.5408008098602295
23_5100_42,27_948_42,0.42180073261260986
23_5188_42,27_948_42,0.3369963765144348
24_5999_42,27_948_42,-0.28080183267593384
24_13277_42,27_948_42,1.2784395217895508
25_4717_42,27_948_42,0.5049580931663513
25_12192_42,27_948_42,0.304745614528656
25_12604_42,27_948_42,-5.122103214263916
25_14522_42,27_948_42,0.2431589514017105
0_0_5,27_948_42,0.38762521743774414
0_0_24,27_948_42,0.20862869918346405
0_1_2,27_948_42,0.2478504180908203
0_1_5,27_948_42,0.3374222218990326
0_1_24,27_948_42,-0.26797693967819214
0_2_2,27_948_42,-0.19916746020317078
0_2_5,27_948_42,-0.36159855127334595
0_3_5,27_948_42,-0.584108293056488
0_3_9,27_948_42,0.197124183177948
0_3_24,27_948_42,-0.40955081582069397
0_4_5,27_948_42,0.3735423684120178
0_4_6,27_948_42,0.15575449168682098
0_4_17,27_948_42,0.27228760719299316
0_4_23,27_948_42,-0.17254319787025452
0_4_24,27_948_42,0.32890525460243225
0_6_5,27_948_42,0.60127192735672
0_6_6,27_948_42,0.3006928563117981
0_6_13,27_948_42,0.15773847699165344
0_6_20,27_948_42,0.32288143038749695
0_6_24,27_948_42,0.42347079515457153
0_7_5,27_948_42,-0.2761685848236084
0_7_6,27_948_42,-0.3075477182865143
0_7_24,27_948_42,-0.1532905399799347
0_8_41,27_948_42,0.15907996892929077
0_9_30,27_948_42,0.3361783027648926
0_10_41,27_948_42,0.15889567136764526
0_11_41,27_948_42,-0.4025971591472626
0_11_42,27_948_42,-0.2854362726211548
0_12_41,27_948_42,-0.3338400423526764
0_12_42,27_948_42,0.34256160259246826
0_13_40,27_948_42,0.47096869349479675
0_13_41,27_948_42,0.4090909957885742
0_13_42,27_948_42,0.26991263031959534
0_15_41,27_948_42,0.1659523993730545
0_15_42,27_948_42,1.0725963115692139
0_16_42,27_948_42,0.22367417812347412
0_17_41,27_948_42,0.2863819897174835
0_17_42,27_948_42,0.20511290431022644
0_18_41,27_948_42,0.5482788681983948
0_18_42,27_948_42,0.47561898827552795
0_19_39,27_948_42,0.46538859605789185
0_19_41,27_948_42,1.3003442287445068
0_19_42,27_948_42,1.269193172454834
0_21_42,27_948_42,1.2370998859405518
0_22_42,27_948_42,0.5797557234764099
0_24_42,27_948_42,-0.40903550386428833
0_25_42,27_948_42,-1.4410146474838257
E_2_0,27_948_42,2.4993317127227783
E_5958_1,27_948_42,1.423436164855957
E_24176_2,27_948_42,-1.0108740329742432
E_3407_3,27_948_42,-0.9040521383285522
E_736_4,27_948_42,-0.316006064414978
E_13060_5,27_948_42,0.5839259624481201
E_235292_6,27_948_42,-0.669814944267273
E_714_7,27_948_42,-0.4879859387874603
E_1570_9,27_948_42,1.2426804304122925
E_124840_11,27_948_42,0.40908312797546387
E_729_12,27_948_42,0.3907037377357483
E_7565_13,27_948_42,-0.4836735129356384
E_603_14,27_948_42,0.520695686340332
E_575_15,27_948_42,0.28276580572128296
E_573_16,27_948_42,-0.5442875027656555
E_3170_17,27_948_42,-0.48483195900917053
E_235286_19,27_948_42,0.1973499208688736
E_1261_23,27_948_42,0.5116503834724426
E_235254_25,27_948_42,0.19171814620494843
E_235254_27,27_948_42,0.282389760017395
E_124840_29,27_948_42,-0.5344675779342651
E_729_30,27_948_42,1.0405235290527344
E_7565_31,27_948_42,-0.43841642141342163
E_575_32,27_948_42,0.2702009379863739
E_573_33,27_948_42,0.6454963684082031
E_576_35,27_948_42,0.7644093036651611
E_235254_37,27_948_42,0.2522141635417938
E_11695_39,27_948_42,-0.40249770879745483
E_235269_40,27_948_42,-1.7904618978500366
E_6092_41,27_948_42,-0.6509374380111694
E_235269_42,27_948_42,4.9837965965271
0_9189_2,27_573_42,-0.20009423792362213
0_11716_5,27_573_42,0.1793949007987976
0_1295_9,27_573_42,-0.3420298099517822
0_11780_20,27_573_42,-0.1483471393585205
0_3850_40,27_573_42,0.2514214813709259
0_4870_40,27_573_42,0.1974690705537796
0_15253_40,27_573_42,-0.2137562334537506
0_3298_42,27_573_42,-0.349226176738739
0_3850_42,27_573_42,-1.254387378692627
0_4870_42,27_573_42,-0.41002026200294495
2_13756_17,27_573_42,0.14307434856891632
2_11770_31,27_573_42,0.1409931480884552
3_3783_42,27_573_42,0.25519436597824097
4_309_42,27_573_42,0.19374911487102509
4_10658_42,27_573_42,0.2867277264595032
15_4421_41,27_573_42,-0.3600988984107971
15_4421_42,27_573_42,-0.2622539699077606
17_16042_41,27_573_42,0.22188067436218262
17_11998_42,27_573_42,0.20745883882045746
19_9067_42,27_573_42,0.3230041265487671
19_11872_42,27_573_42,-0.39188864827156067
20_2348_42,27_573_42,0.30670982599258423
20_4170_42,27_573_42,0.34674954414367676
20_5469_42,27_573_42,0.4486573040485382
21_4520_42,27_573_42,-0.16276554763317108
21_11106_42,27_573_42,-0.282029926776886
22_5607_42,27_573_42,-0.8072985410690308
23_5188_42,27_573_42,0.657142698764801
23_11645_42,27_573_42,0.20745494961738586
24_1156_42,27_573_42,0.3702344298362732
24_5999_42,27_573_42,-0.6472772359848022
24_8682_42,27_573_42,-0.1784297376871109
24_9943_42,27_573_42,0.4238572418689728
24_13277_42,27_573_42,1.3094687461853027
25_127_42,27_573_42,2.651756763458252
25_4717_42,27_573_42,0.5192448496818542
25_14522_42,27_573_42,0.3241545557975769
0_0_3,27_573_42,-0.21021655201911926
0_0_5,27_573_42,0.20393165946006775
0_2_3,27_573_42,0.17058344185352325
0_3_5,27_573_42,-0.14157947897911072
0_4_9,27_573_42,0.15548118948936462
0_5_17,27_573_42,0.17314018309116364
0_5_24,27_573_42,0.18728378415107727
0_6_6,27_573_42,0.1850714087486267
0_6_17,27_573_42,-0.18506351113319397
0_6_20,27_573_42,0.1718035638332367
0_8_41,27_573_42,0.20172667503356934
0_12_41,27_573_42,0.31033873558044434
0_12_42,27_573_42,0.19739876687526703
0_13_40,27_573_42,0.24556659162044525
0_13_41,27_573_42,0.29489949345588684
0_13_42,27_573_42,0.4157565236091614
0_14_42,27_573_42,0.2653387188911438
0_15_42,27_573_42,0.380523681640625
0_16_41,27_573_42,0.16210952401161194
0_17_42,27_573_42,0.2037758231163025
0_19_42,27_573_42,-0.2124602496623993
0_20_41,27_573_42,0.40694695711135864
0_20_42,27_573_42,0.883647620677948
0_21_42,27_573_42,0.47835707664489746
0_22_42,27_573_42,0.7866431474685669
0_23_42,27_573_42,0.23121359944343567
0_24_42,27_573_42,-0.39337432384490967
0_25_42,27_573_42,-2.181577205657959
E_2_0,27_573_42,4.368882656097412
E_5958_1,27_573_42,-0.339298814535141
E_3407_3,27_573_42,0.3161008358001709
E_13060_5,27_573_42,0.15017440915107727
E_235292_6,27_573_42,-0.19791406393051147
E_714_7,27_573_42,-0.1421263962984085
E_3413_8,27_573_42,0.4202736020088196
E_1570_9,27_573_42,0.8688462376594543
E_117335_10,27_573_42,-0.16163402795791626
E_729_12,27_573_42,0.17195181548595428
E_7565_13,27_573_42,0.3817823529243469
E_603_14,27_573_42,-0.43941351771354675
E_575_15,27_573_42,-0.22810953855514526
E_573_16,27_573_42,1.1424427032470703
E_3170_17,27_573_42,0.25865545868873596
E_576_18,27_573_42,0.3034909963607788
E_1261_23,27_573_42,-0.4118867516517639
E_12535_24,27_573_42,-0.2153998166322708
E_124840_29,27_573_42,-0.20087796449661255
E_729_30,27_573_42,0.6397922039031982
E_575_32,27_573_42,0.40552327036857605
E_573_33,27_573_42,1.2115484476089478
E_576_35,27_573_42,0.662221372127533
E_235286_36,27_573_42,0.3730509281158447
E_235254_37,27_573_42,0.25189918279647827
E_9713_38,27_573_42,-0.2052127569913864
E_235269_40,27_573_42,-2.495530366897583
E_235269_42,27_573_42,7.655782222747803
0_12572_2,27_752_42,0.18899673223495483
0_2458_12,27_752_42,0.2593322992324829
0_2458_30,27_752_42,0.18924275040626526
0_4870_40,27_752_42,0.28445690870285034
0_3298_42,27_752_42,-0.1890328973531723
0_3850_42,27_752_42,-1.0278390645980835
0_4870_42,27_752_42,-0.3342573940753937
5_14118_5,27_752_42,-0.2316199392080307
15_10615_17,27_752_42,0.2399636059999466
17_11998_42,27_752_42,0.2171517312526703
18_7550_41,27_752_42,0.9154484272003174
18_7550_42,27_752_42,2.5956945419311523
19_349_41,27_752_42,0.34142741560935974
19_9067_41,27_752_42,0.23068642616271973
19_349_42,27_752_42,1.2055474519729614
19_9067_42,27_752_42,0.7122483849525452
19_10826_42,27_752_42,-0.24469947814941406
20_2348_41,27_752_42,0.24793748557567596
20_411_42,27_752_42,-0.4948307275772095
20_2348_42,27_752_42,0.7002508044242859
20_4170_42,27_752_42,0.7301642894744873
21_7764_42,27_752_42,0.42627179622650146
21_13151_42,27_752_42,0.6108565926551819
21_15694_42,27_752_42,0.19022099673748016
22_5607_41,27_752_42,0.4123827815055847
22_1280_42,27_752_42,-0.3124728202819824
22_5607_42,27_752_42,4.972342014312744
23_11645_41,27_752_42,-0.1934247761964798
23_5100_42,27_752_42,0.3183882236480713
23_5188_42,27_752_42,0.4691276252269745
23_6337_42,27_752_42,0.22121772170066833
23_11645_42,27_752_42,-2.5408377647399902
24_8682_42,27_752_42,-0.2808232605457306
24_9943_42,27_752_42,1.2000253200531006
24_13277_42,27_752_42,0.8550275564193726
25_127_42,27_752_42,-2.1856400966644287
25_4717_42,27_752_42,0.4087843894958496
25_10168_42,27_752_42,2.1326239109039307
25_12192_42,27_752_42,0.2618415057659149
25_16093_42,27_752_42,0.8126789331436157
0_0_5,27_752_42,0.2705214023590088
0_2_5,27_752_42,-0.20557808876037598
0_3_5,27_752_42,-0.20568150281906128
0_3_6,27_752_42,-0.1953435242176056
0_4_5,27_752_42,0.48886173963546753
0_4_9,27_752_42,0.2054612934589386
0_5_6,27_752_42,-0.18449924886226654
0_5_24,27_752_42,0.2233111709356308
0_6_5,27_752_42,-0.20542573928833008
0_6_6,27_752_42,-0.23620274662971497
0_6_24,27_752_42,-0.21346062421798706
0_8_41,27_752_42,0.23928458988666534
0_11_17,27_752_42,-0.258443146944046
0_11_42,27_752_42,-0.5563834309577942
0_12_17,27_752_42,-0.240446537733078
0_12_41,27_752_42,0.36398422718048096
0_13_41,27_752_42,0.21329832077026367
0_13_42,27_752_42,0.2809006869792938
0_14_42,27_752_42,0.25232887268066406
0_16_41,27_752_42,-0.19677332043647766
0_16_42,27_752_42,-0.5914897322654724
0_17_41,27_752_42,0.39297541975975037
0_17_42,27_752_42,0.5397583246231079
0_18_42,27_752_42,0.24807199835777283
0_19_41,27_752_42,-0.4015218913555145
0_19_42,27_752_42,-0.1994001418352127
0_20_41,27_752_42,-0.18517988920211792
0_20_42,27_752_42,-0.7039497494697571
0_21_42,27_752_42,0.6633463501930237
0_22_42,27_752_42,-0.33427494764328003
0_23_42,27_752_42,-0.269609659910202
0_24_42,27_752_42,-0.5665766000747681
0_25_42,27_752_42,-0.21344967186450958
E_2_0,27_752_42,3.617436170578003
E_13060_5,27_752_42,-0.9686979055404663
E_1570_9,27_752_42,-0.4062517285346985
E_729_12,27_752_42,-0.30328676104545593
E_7565_13,27_752_42,0.8546245694160461
E_575_15,27_752_42,-0.40380194783210754
E_3170_17,27_752_42,0.7391372919082642
E_12535_24,27_752_42,0.520698606967926
E_575_32,27_752_42,0.26085734367370605
E_3413_34,27_752_42,-0.6154824495315552
E_576_35,27_752_42,0.3297370672225952
E_235286_36,27_752_42,0.290629506111145
E_235254_37,27_752_42,0.2694338858127594
E_235269_40,27_752_42,-1.779680848121643
E_6092_41,27_752_42,0.7849844694137573
E_235269_42,27_752_42,4.405847549438477
0_9189_2,27_578_42,-0.28600114583969116
0_16200_6,27_578_42,-0.2744738757610321
0_1295_9,27_578_42,-0.25006598234176636
0_2458_30,27_578_42,0.20148730278015137
0_4870_40,27_578_42,0.23180770874023438
0_3298_42,27_578_42,-0.4061727821826935
0_3850_42,27_578_42,-0.8039719462394714
0_4870_42,27_578_42,-1.1330525875091553
2_14297_9,27_578_42,-0.20446538925170898
3_16048_3,27_578_42,-0.22465214133262634
4_309_42,27_578_42,0.19989722967147827
4_10658_42,27_578_42,0.3438724875450134
11_854_41,27_578_42,-0.19211052358150482
15_4421_41,27_578_42,-0.3275897800922394
15_4421_42,27_578_42,-0.2585523724555969
17_16042_41,27_578_42,0.28985998034477234
19_349_42,27_578_42,0.23080161213874817
19_9067_42,27_578_42,0.26990002393722534
19_11872_42,27_578_42,-0.3040640354156494
20_4170_42,27_578_42,0.28212398290634155
20_5469_42,27_578_42,0.4273005425930023
21_4520_42,27_578_42,-0.23750436305999756
21_11106_42,27_578_42,-0.24594682455062866
22_5607_42,27_578_42,-1.147140383720398
23_5100_42,27_578_42,0.37262389063835144
23_5188_42,27_578_42,0.5587363243103027
23_11645_42,27_578_42,0.3574153482913971
24_1156_42,27_578_42,0.21461842954158783
24_5999_42,27_578_42,-0.46307021379470825
24_8682_42,27_578_42,-0.23876021802425385
24_13277_42,27_578_42,0.8180697560310364
25_4717_42,27_578_42,0.394464373588562
25_12604_42,27_578_42,-0.41573119163513184
25_14522_42,27_578_42,0.36866506934165955
0_2_5,27_578_42,-0.23615501821041107
0_4_24,27_578_42,0.24183166027069092
0_5_6,27_578_42,-0.2777181565761566
0_5_24,27_578_42,0.19055262207984924
0_11_42,27_578_42,-0.30095380544662476
0_12_41,27_578_42,0.21433621644973755
0_13_40,27_578_42,0.19011172652244568
0_13_41,27_578_42,0.4824596643447876
0_13_42,27_578_42,0.6098212003707886
0_14_42,27_578_42,0.26339805126190186
0_15_17,27_578_42,0.2304435521364212
0_15_42,27_578_42,0.41964924335479736
0_16_41,27_578_42,0.27755239605903625
0_16_42,27_578_42,0.5186593532562256
0_18_42,27_578_42,0.5820201635360718
0_20_41,27_578_42,0.23493222892284393
0_20_42,27_578_42,1.215015172958374
0_21_42,27_578_42,0.6881966590881348
0_22_42,27_578_42,1.1820034980773926
0_23_42,27_578_42,0.39511582255363464
0_24_42,27_578_42,-1.1912909746170044
0_25_42,27_578_42,-1.1933727264404297
E_2_0,27_578_42,3.937586784362793
E_24176_2,27_578_42,0.4108305871486664
E_3407_3,27_578_42,1.0874987840652466
E_736_4,27_578_42,-0.2285073697566986
E_235292_6,27_578_42,0.24713167548179626
E_714_7,27_578_42,-0.18981720507144928
E_1570_9,27_578_42,0.5476579070091248
E_729_12,27_578_42,0.43094080686569214
E_7565_13,27_578_42,0.26362401247024536
E_603_14,27_578_42,-0.24207045137882233
E_575_15,27_578_42,-0.19497787952423096
E_3170_17,27_578_42,-0.3190966546535492
E_1261_23,27_578_42,-0.3915046155452728
E_12535_24,27_578_42,-0.3331512212753296
E_729_30,27_578_42,0.6256676316261292
E_7565_31,27_578_42,0.3158590793609619
E_575_32,27_578_42,0.24466197192668915
E_573_33,27_578_42,0.8137452006340027
E_576_35,27_578_42,0.7033371925354004
E_235254_37,27_578_42,0.41164547204971313
E_235269_40,27_578_42,-2.91140079498291
E_6092_41,27_578_42,-0.42337411642074585
E_235269_42,27_578_42,8.674032211303711
18_7550_41,27_2379_42,1.906082034111023
18_7550_42,27_2379_42,5.3267669677734375
19_349_41,27_2379_42,0.950802206993103
19_349_42,27_2379_42,2.168994188308716
20_2348_41,27_2379_42,0.8707696795463562
20_2348_42,27_2379_42,2.6542749404907227
21_7764_42,27_2379_42,0.8365360498428345
22_1280_42,27_2379_42,-0.822971761226654
22_5607_42,27_2379_42,3.519895553588867
23_11645_42,27_2379_42,-5.65064001083374
24_9943_42,27_2379_42,-1.741926670074463
24_13277_42,27_2379_42,0.8809317946434021
25_127_42,27_2379_42,-2.2319095134735107
0_20_42,27_2379_42,-1.3805309534072876
0_22_42,27_2379_42,-1.2921725511550903
E_2_0,27_2379_42,1.0780619382858276
E_1570_9,27_2379_42,-0.8443602323532104
E_124840_11,27_2379_42,0.9747605323791504
E_3170_17,27_2379_42,0.9127364158630371
E_235269_40,27_2379_42,-1.156567096710205
E_6092_41,27_2379_42,2.019026279449463
E_235269_42,27_2379_42,3.582029104232788
